table,group,metric,mean,sd,n,ci_low,ci_high,display,seeds
S3 bias structure,interaction | DL,DI,0.7915073760849881,0.05253959696581616,15,0.7649191600741737,0.8180955920958025,"0.792 ± 0.053 [0.765, 0.818]",42-56 (15 seeds)
S3 bias structure,interaction | DL,R2,0.7372736116461946,0.011416515608655057,15,0.7314961637664317,0.7430510595259576,"0.737 ± 0.011 [0.731, 0.743]",42-56 (15 seeds)
S3 bias structure,interaction | DL,EOD,0.06867794769391819,0.02984086671099722,15,0.05357666302707663,0.08377923236075975,"0.069 ± 0.030 [0.054, 0.084]",42-56 (15 seeds)
S3 bias structure,interaction | Debiased-HITL,DI,0.8080102684405934,0.045740368395239296,15,0.7848628736081185,0.8311576632730684,"0.808 ± 0.046 [0.785, 0.831]",42-56 (15 seeds)
S3 bias structure,interaction | Debiased-HITL,R2,0.7242745848631392,0.019454481212965544,15,0.714429439891715,0.7341197298345634,"0.724 ± 0.019 [0.714, 0.734]",42-56 (15 seeds)
S3 bias structure,interaction | Debiased-HITL,EOD,0.062424808531586336,0.026491292134760775,15,0.049018611332493175,0.0758310057306795,"0.062 ± 0.026 [0.049, 0.076]",42-56 (15 seeds)
S3 bias structure,interaction | FE-HITL,DI,0.8329038983922994,0.029629980368562705,15,0.8179093349785734,0.8478984618060253,"0.833 ± 0.030 [0.818, 0.848]",42-56 (15 seeds)
S3 bias structure,interaction | FE-HITL,R2,0.7234677860492708,0.01839035653149523,15,0.7141611525725537,0.7327744195259878,"0.723 ± 0.018 [0.714, 0.733]",42-56 (15 seeds)
S3 bias structure,interaction | FE-HITL,EOD,0.048401170739694584,0.021842038220685322,15,0.037347777416066825,0.05945456406332234,"0.048 ± 0.022 [0.037, 0.059]",42-56 (15 seeds)
S3 bias structure,nonlinear | DL,DI,0.8139796870829599,0.050824889462827254,15,0.7882592168509054,0.8397001573150144,"0.814 ± 0.051 [0.788, 0.840]",42-56 (15 seeds)
S3 bias structure,nonlinear | DL,R2,0.7414296266823588,0.01071989415428542,15,0.736004711421348,0.7468545419433695,"0.741 ± 0.011 [0.736, 0.747]",42-56 (15 seeds)
S3 bias structure,nonlinear | DL,EOD,0.06197112659039832,0.03011536342628103,15,0.04673092997177736,0.07721132320901929,"0.062 ± 0.030 [0.047, 0.077]",42-56 (15 seeds)
S3 bias structure,nonlinear | Debiased-HITL,DI,0.8250740938073893,0.04436887418567039,15,0.802620758054304,0.8475274295604746,"0.825 ± 0.044 [0.803, 0.848]",42-56 (15 seeds)
S3 bias structure,nonlinear | Debiased-HITL,R2,0.72468932459162,0.019638209144203406,15,0.7147512021669019,0.7346274470163382,"0.725 ± 0.020 [0.715, 0.735]",42-56 (15 seeds)
S3 bias structure,nonlinear | Debiased-HITL,EOD,0.0551406120893506,0.029403020688611035,15,0.040260904010358665,0.07002032016834253,"0.055 ± 0.029 [0.040, 0.070]",42-56 (15 seeds)
S3 bias structure,nonlinear | FE-HITL,DI,0.8338270840682314,0.03600239683499332,15,0.815607692233561,0.8520464759029017,"0.834 ± 0.036 [0.816, 0.852]",42-56 (15 seeds)
S3 bias structure,nonlinear | FE-HITL,R2,0.7252038749262032,0.019349557877099032,15,0.7154118275131864,0.73499592233922,"0.725 ± 0.019 [0.715, 0.735]",42-56 (15 seeds)
S3 bias structure,nonlinear | FE-HITL,EOD,0.048645951564734884,0.025319292667574125,15,0.03583285703101605,0.06145904609845372,"0.049 ± 0.025 [0.036, 0.061]",42-56 (15 seeds)
S3 bias structure,uniform | DL,DI,0.6313978662829425,0.05466666347563246,15,0.6037332258779866,0.6590625066878983,"0.631 ± 0.055 [0.604, 0.659]",42-56 (15 seeds)
S3 bias structure,uniform | DL,R2,0.7358815385330995,0.011944714359224765,15,0.7298367901164495,0.7419262869497494,"0.736 ± 0.012 [0.730, 0.742]",42-56 (15 seeds)
S3 bias structure,uniform | DL,EOD,0.1425329972104988,0.048384242484735024,15,0.11804764206891366,0.16701835235208395,"0.143 ± 0.048 [0.118, 0.167]",42-56 (15 seeds)
S3 bias structure,uniform | Debiased-HITL,DI,0.6865080887872079,0.039947888517545084,15,0.6662920393612581,0.7067241382131577,"0.687 ± 0.040 [0.666, 0.707]",42-56 (15 seeds)
S3 bias structure,uniform | Debiased-HITL,R2,0.7266254528241325,0.017447635968201505,15,0.717795893010371,0.735455012637894,"0.727 ± 0.017 [0.718, 0.735]",42-56 (15 seeds)
S3 bias structure,uniform | Debiased-HITL,EOD,0.09598461754607378,0.0344806958360536,15,0.0785352985174435,0.11343393657470406,"0.096 ± 0.034 [0.079, 0.113]",42-56 (15 seeds)
S3 bias structure,uniform | FE-HITL,DI,0.8650299006501971,0.032656228949936875,15,0.8485038722913489,0.8815559290090453,"0.865 ± 0.033 [0.849, 0.882]",42-56 (15 seeds)
S3 bias structure,uniform | FE-HITL,R2,0.703093422191374,0.02402182926379498,15,0.6909369226686191,0.715249921714129,"0.703 ± 0.024 [0.691, 0.715]",42-56 (15 seeds)
S3 bias structure,uniform | FE-HITL,EOD,0.01883925323150475,0.01352794685987897,15,0.011993293344768244,0.025685213118241255,"0.019 ± 0.014 [0.012, 0.026]",42-56 (15 seeds)
S6 binarization,40 | DL,DI,0.7134953100766455,0.04209381489839108,15,0.6921932920203242,0.7347973281329667,"0.713 ± 0.042 [0.692, 0.735]",42-56 (15 seeds)
S6 binarization,40 | DL,R2,0.7358815385330995,0.011944714359224765,15,0.7298367901164495,0.7419262869497494,"0.736 ± 0.012 [0.730, 0.742]",42-56 (15 seeds)
S6 binarization,40 | FE-HITL,DI,0.8808039218180882,0.02834721543001117,15,0.8664585151022999,0.8951493285338765,"0.881 ± 0.028 [0.866, 0.895]",42-56 (15 seeds)
S6 binarization,40 | FE-HITL,R2,0.703093422191374,0.02402182926379498,15,0.6909369226686191,0.715249921714129,"0.703 ± 0.024 [0.691, 0.715]",42-56 (15 seeds)
S6 binarization,50 | DL,DI,0.6313574823067902,0.049645585199403534,15,0.606233811409127,0.6564811532044534,"0.631 ± 0.050 [0.606, 0.656]",42-56 (15 seeds)
S6 binarization,50 | DL,R2,0.7358815385330995,0.011944714359224765,15,0.7298367901164495,0.7419262869497494,"0.736 ± 0.012 [0.730, 0.742]",42-56 (15 seeds)
S6 binarization,50 | FE-HITL,DI,0.8512673747050132,0.02715299359512679,15,0.8375263165176576,0.8650084328923688,"0.851 ± 0.027 [0.838, 0.865]",42-56 (15 seeds)
S6 binarization,50 | FE-HITL,R2,0.703093422191374,0.02402182926379498,15,0.6909369226686191,0.715249921714129,"0.703 ± 0.024 [0.691, 0.715]",42-56 (15 seeds)
S6 binarization,60 | DL,DI,0.545084178732454,0.06242459593079364,15,0.5134935549582436,0.5766748025066644,"0.545 ± 0.062 [0.513, 0.577]",42-56 (15 seeds)
S6 binarization,60 | DL,R2,0.7358815385330995,0.011944714359224765,15,0.7298367901164495,0.7419262869497494,"0.736 ± 0.012 [0.730, 0.742]",42-56 (15 seeds)
S6 binarization,60 | FE-HITL,DI,0.8032606363999092,0.03852079127292778,15,0.7837667845544435,0.8227544882453749,"0.803 ± 0.039 [0.784, 0.823]",42-56 (15 seeds)
S6 binarization,60 | FE-HITL,R2,0.703093422191374,0.02402182926379498,15,0.6909369226686191,0.715249921714129,"0.703 ± 0.024 [0.691, 0.715]",42-56 (15 seeds)
S7 reverse discrimination,0.1,DI_unpriv,0.6679235913571774,0.04562051697213375,15,0.6448368485987716,0.6910103341155832,"0.668 ± 0.046 [0.645, 0.691]",42-56 (15 seeds)
S7 reverse discrimination,0.1,DI_priv,1.5035881736895547,0.10075983145056551,15,1.4525976005116914,1.554578746867418,"1.504 ± 0.101 [1.453, 1.555]",42-56 (15 seeds)
S7 reverse discrimination,0.1,R2,0.7243336399893308,0.016962781505539214,15,0.7157494458793728,0.7329178340992887,"0.724 ± 0.017 [0.716, 0.733]",42-56 (15 seeds)
S7 reverse discrimination,0.25,DI_unpriv,0.7007529187703186,0.038295721078453276,15,0.681372966065575,0.7201328714750623,"0.701 ± 0.038 [0.681, 0.720]",42-56 (15 seeds)
S7 reverse discrimination,0.25,DI_priv,1.4309013316028507,0.07589262696535429,15,1.3924950689759052,1.4693075942297962,"1.431 ± 0.076 [1.392, 1.469]",42-56 (15 seeds)
S7 reverse discrimination,0.25,R2,0.7205323643860454,0.0168793704880344,15,0.7119903812993761,0.7290743474727147,"0.721 ± 0.017 [0.712, 0.729]",42-56 (15 seeds)
S7 reverse discrimination,0.5,DI_unpriv,0.752193915001785,0.03447560339269362,15,0.7347471730577138,0.7696406569458563,"0.752 ± 0.034 [0.735, 0.770]",42-56 (15 seeds)
S7 reverse discrimination,0.5,DI_priv,1.3320297875272766,0.06053145729237143,15,1.3013972064858557,1.3626623685686976,"1.332 ± 0.061 [1.301, 1.363]",42-56 (15 seeds)
S7 reverse discrimination,0.5,R2,0.7144210443970677,0.019112759740048443,15,0.7047488311735471,0.7240932576205882,"0.714 ± 0.019 [0.705, 0.724]",42-56 (15 seeds)
S7 reverse discrimination,0.75,DI_unpriv,0.8093089162584072,0.03250334248409572,15,0.7928602577046902,0.8257575748121242,"0.809 ± 0.033 [0.793, 0.826]",42-56 (15 seeds)
S7 reverse discrimination,0.75,DI_priv,1.2374686190786237,0.04930129103787122,15,1.2125191818650147,1.2624180562922327,"1.237 ± 0.049 [1.213, 1.262]",42-56 (15 seeds)
S7 reverse discrimination,0.75,R2,0.7093658891673067,0.021159487732341057,15,0.6986579077019807,0.7200738706326327,"0.709 ± 0.021 [0.699, 0.720]",42-56 (15 seeds)
S7 reverse discrimination,1.0,DI_unpriv,0.8650299006501971,0.032656228949936875,15,0.8485038722913489,0.8815559290090453,"0.865 ± 0.033 [0.849, 0.882]",42-56 (15 seeds)
S7 reverse discrimination,1.0,DI_priv,1.1575732969171837,0.04384900396140001,15,1.135383046962596,1.1797635468717713,"1.158 ± 0.044 [1.135, 1.180]",42-56 (15 seeds)
S7 reverse discrimination,1.0,R2,0.703093422191374,0.02402182926379498,15,0.6909369226686191,0.715249921714129,"0.703 ± 0.024 [0.691, 0.715]",42-56 (15 seeds)
Table 2 agri 5-fold CV,DL,DI,0.6449452249176122,0.028273426465001018,50,0.6371083749445493,0.6527820748906751,"0.645 ± 0.028 [0.637, 0.653]",dataset seed 42; 5 folds x training seeds 42-51 (fold x seed evaluations are NOT independent)
Table 2 agri 5-fold CV,DL,R2,0.7383213587604593,0.00721974108530784,50,0.7363201854042708,0.7403225321166479,"0.738 ± 0.007 [0.736, 0.740]",dataset seed 42; 5 folds x training seeds 42-51 (fold x seed evaluations are NOT independent)
Table 2 agri 5-fold CV,Debiased-HITL,DI,0.6862672867888047,0.031206021578002358,50,0.6776175778592662,0.6949169957183431,"0.686 ± 0.031 [0.678, 0.695]",dataset seed 42; 5 folds x training seeds 42-51 (fold x seed evaluations are NOT independent)
Table 2 agri 5-fold CV,Debiased-HITL,R2,0.7318216123691746,0.017046844212902888,50,0.7270965550516236,0.7365466696867257,"0.732 ± 0.017 [0.727, 0.737]",dataset seed 42; 5 folds x training seeds 42-51 (fold x seed evaluations are NOT independent)
Table 2 agri 5-fold CV,FE-HITL,DI,0.8626961515998756,0.03104110074525768,50,0.8540921555529003,0.8713001476468508,"0.863 ± 0.031 [0.854, 0.871]",dataset seed 42; 5 folds x training seeds 42-51 (fold x seed evaluations are NOT independent)
Table 2 agri 5-fold CV,FE-HITL,R2,0.7126859805409442,0.02764810587235902,50,0.7050224574080388,0.7203495036738496,"0.713 ± 0.028 [0.705, 0.720]",dataset seed 42; 5 folds x training seeds 42-51 (fold x seed evaluations are NOT independent)
