seed,fu_ran,fu_train_di,fu_targets_corrected,model_replaced,refit_from_fresh_initialisation,refit_iterations,returned_predictions_computed_before_refit,returned_equals_pre_update_exact,returned_equals_R2_class_with_FU,R2_class_model_replaced,n_test,n_cases_post_update_differs,max_abs_diff_post_vs_returned,returned_R2,returned_DI,returned_EOD,returned_AOD,HYPOTHETICAL_post_update_R2,HYPOTHETICAL_post_update_DI,HYPOTHETICAL_post_update_EOD,HYPOTHETICAL_post_update_AOD
42,True,0.6357167979262052,True,True,True,20,True,True,True,True,1500,1500,1.2473007678609154,0.7074845905950171,0.8652065527065528,0.010173832378801317,0.010525735719155258,0.7115273220392874,0.7500436071864642,0.04616036137775259,0.055684528887602114
43,True,0.6294505783932519,True,True,True,20,True,True,True,True,1500,1500,1.8138182124765905,0.7214118420879734,0.8578182625390902,0.04157890777794504,0.034399797123347634,0.7252996283359263,0.7290540413090635,0.042669625394915034,0.04058741847519702
44,True,0.6590564920068641,True,True,True,20,True,True,True,True,1500,1500,1.8635773904732993,0.704185528480182,0.8481810068770014,0.038007087611256374,0.001466974656692016,0.7090550530130881,0.71619058841725,0.11628055279723781,0.08142817533478912
45,True,0.6222149911007904,True,True,True,20,True,True,True,True,1500,1500,1.574325703896072,0.7090370524364495,0.8199356913183279,0.003072548402179409,0.01325224990420458,0.7189191269528501,0.7283805031446541,0.04692792870160967,0.04623070761444252
46,True,0.663407866159879,True,True,True,20,True,True,True,True,1500,1500,1.0855356738948245,0.7147899819861988,0.868608522229034,0.03790781142880195,0.0035231721171173763,0.7158047138197929,0.7708840304545647,0.08580675081663103,0.052754715131172414
47,True,0.6252011787790377,True,True,True,20,True,True,True,True,1500,1500,2.9028466364533774,0.7064236452615713,0.8819554641694418,0.013533834586466176,0.03705999177521928,0.7446726850210657,0.6996850141873775,0.036528822055137855,0.05832414595383363
48,True,0.6599296906145428,True,True,True,20,True,True,True,True,1500,1500,2.0319859142681445,0.6769339494993629,0.888842026496148,0.020205409802725338,0.06677682868958043,0.6901910021150661,0.7500366637335679,0.07303233679072607,0.024147238720584843
49,True,0.6184416082417997,True,True,True,20,True,True,True,True,1500,1500,2.2391046277658777,0.7005013350845585,0.9211414808283692,0.0030679493977728844,0.07167025289437516,0.7124179843225948,0.7873698214397072,0.06461631694568593,0.00981050809690312
50,True,0.6670991652425861,True,True,True,20,True,True,True,True,1500,1500,1.715055966247622,0.7371341316575082,0.8420901850684696,0.025577880512090978,0.04364374119281364,0.7419978944813215,0.699962428211046,0.07429765291607393,0.049356086411198555
51,True,0.646811760213822,True,True,True,20,True,True,True,True,1500,1500,1.7954654566725825,0.7188784490829665,0.8946422934111032,0.0023529411764705577,0.035948997576558714,0.7252714807644643,0.8093963916927719,0.040257043994068153,0.014018971435236324
52,True,0.5901039379300248,True,True,True,20,True,True,True,True,1500,1500,1.7492533054464614,0.7105690419225998,0.8387959334957111,0.0255313079446583,0.011393104952721306,0.707348765110057,0.7282230862322012,0.030462334698534987,0.045093912447306705
53,True,0.6684016294292943,True,True,True,20,True,True,True,True,1500,1500,2.527247091405897,0.689845086608502,0.8942871307340119,0.024137634962543175,0.046839706969142206,0.6946081308925137,0.7730101769043146,0.06839890956704653,0.03650981288902963
54,True,0.6423841746569067,True,True,True,20,True,True,True,True,1500,1500,1.9728170149593698,0.7150502988858465,0.8076367389060888,0.023934599484007335,0.020349068100679962,0.7146194081821251,0.6826786077752901,0.09311698942111435,0.0509846241366866
55,True,0.6743914428541419,True,True,True,20,True,True,True,True,1500,1500,1.404327426072685,0.7022340891658541,0.8401953418482344,0.005452635599694333,0.014725340282740612,0.7055147351552775,0.741859437159275,0.04104278074866308,0.04363966994422401
56,True,0.6599039610430399,True,True,True,20,True,True,True,True,1500,1500,1.841014949214049,0.6319223101160182,0.9061118791253724,0.008054417407158843,0.04858957875814712,0.6572105413914344,0.8206703476164554,0.02084731669688744,0.0015479631169250663
57,True,0.649927078235674,True,True,True,20,True,True,True,True,1500,1500,2.118025470309423,0.6853088642370706,0.944590694915593,0.04268412147119072,0.05943729883083346,0.6885408184274866,0.8035535551489573,0.018220678600053497,0.034963652653340116
58,True,0.6425716486865716,True,True,True,20,True,True,True,True,1500,1500,1.1855035686974045,0.7306493050076294,0.7904453974471535,0.021075810003145623,0.01776829715843556,0.7365718466650716,0.7129147132332522,0.06888958792072974,0.06397910768585507
59,True,0.676727239911126,True,True,True,20,True,True,True,True,1500,1500,2.293547115344282,0.6980326226140603,0.8637514998000267,0.02972237238396791,0.010318339462193751,0.6981891309930597,0.7330733782346686,0.08939879527376637,0.06391132212127326
60,True,0.6322159587326548,True,True,True,20,True,True,True,True,1500,1500,1.2631601972451172,0.7129412393315098,0.826723829939264,0.017327143094014286,0.016762350091882344,0.7089883759965384,0.7522511043153244,0.02303722434090527,0.03453023317573206
61,True,0.6476988217904139,True,True,True,20,True,True,True,True,1500,1500,1.550027413380973,0.7182019042260557,0.8408392835773266,0.054075851758596194,0.014089718707983354,0.7157620579950333,0.7929050059124951,0.08905106617357783,0.04253350121427896
62,True,0.6477623833050783,True,True,True,20,True,True,True,True,1500,1500,2.295754063403983,0.717531947898242,0.8180765762472278,0.015547329455314562,0.03329781059361657,0.7260816282698475,0.6781277522829463,0.08318350079323111,0.05665694902872269
63,True,0.6616857714701602,True,True,True,20,True,True,True,True,1500,1500,1.5531077986721957,0.6901692125868799,0.8222553885668669,0.048255702511021625,0.00647104830392585,0.6049701094849333,0.7847681072365718,0.07476519072263754,0.047246310443014444
64,True,0.6698586411308709,True,True,True,20,True,True,True,True,1500,1500,1.8773206065376833,0.6791370523712866,0.8508771929824562,0.039641629847815385,0.06926530430266226,0.7104932973122229,0.6612264606470304,0.07817869415807566,0.04342019758748997
65,True,0.6691860955177537,True,True,True,20,True,True,True,True,1500,1500,1.9824472290636042,0.7232632309728315,0.8621920229808862,0.03790141896938015,0.06591301547138631,0.7320964139625404,0.7563697355850388,0.019915359721184966,0.0008627192524895549
66,True,0.6500493520144595,True,True,True,20,True,True,True,True,1500,1500,2.813849373424299,0.6486161574659961,0.9217859064012912,0.07601229871280424,0.08603276262427886,0.6625760985579748,0.7380966859227728,0.009515868466308808,0.03144387183408458
67,True,0.6303474459683183,True,True,True,20,True,True,True,True,1500,1500,2.7514589909859914,0.67166676550824,0.9511955599353973,0.047773213265500436,0.09251859319935177,0.6833877310974716,0.7684529299033941,0.017520472290992184,0.023170297486779803
68,True,0.6376641956041097,True,True,True,20,True,True,True,True,1500,1500,1.297044182005589,0.7292465232687165,0.8569227806662815,0.0034843205574912606,0.0341564715620504,0.7227113507769334,0.7730599647266314,0.04940268790443003,0.021483060370125456
69,True,0.6468857011858352,True,True,True,20,True,True,True,True,1500,1500,1.9309995115235274,0.6807548100615028,0.9045512987149852,0.0001442085832948914,0.04874140104359702,0.6808740528232721,0.7802524127691166,0.05345331487463467,0.030445402460410192
70,True,0.6111558908341952,True,True,True,20,True,True,True,True,1500,1500,2.3166806763047116,0.7090466929652695,0.8412036960782698,0.006098541172688154,0.02839037609493829,0.7242185276754658,0.6583120527128851,0.11246634248281961,0.07423272641568618
71,True,0.6332570147521448,True,True,True,20,True,True,True,True,1500,1500,1.9002093578729564,0.7236770796730372,0.8482582355168496,0.03380846795480941,0.03782267981948058,0.7313536099537787,0.6783625730994152,0.11880477246330912,0.06457164849677118
