config,used_by,seed,interv_frac,bitwise_identical_to_R2,max_abs_diff_vs_R2,triggered,di_before_monitor,selected_alpha,selection_rule,n_qualifying,n_admissible,n_efficiency_rejections,n_reverse_rejections,di_after_monitor,n_routed,n_unpriv,R2,RMSE,DI,EOD,AOD,deposited_DI,abs_diff_R2routine_vs_deposited_DI
uniform bias=0.10 frac=1.00,bias sensitivity,42,1.0,True,0.0,False,0.969240612234854,,,,,,,0.969240612234854,0,468,0.7292020279482739,2.007500502883108,0.9642195573754508,0.0022948938611589975,0.015038894097031269,0.9642195573754508,0.0
uniform bias=0.10 frac=1.00,bias sensitivity,43,1.0,True,0.0,False,0.87069017365608,,,,,,,0.87069017365608,0,461,0.7359206529705775,2.0624801474183387,0.8725705984198691,0.011111111111111183,0.03054021875951453,0.8725705984198691,0.0
uniform bias=0.10 frac=1.00,bias sensitivity,44,1.0,True,0.0,False,0.8499871417550076,,,,,,,0.8499871417550076,0,443,0.7257280786899614,2.0628334841164095,0.8493300474247727,0.07075959824340183,0.05235178188032161,0.8493300474247727,0.0
uniform bias=0.10 frac=1.00,bias sensitivity,45,1.0,True,0.0,False,0.8318645640074211,,,,,,,0.8318645640074211,0,480,0.7040426329016525,2.1493302574749906,0.8663723916532905,0.023726436359386205,0.03466979642560189,0.8663723916532905,0.0
uniform bias=0.10 frac=1.00,bias sensitivity,46,1.0,True,0.0,False,0.934556061563009,,,,,,,0.934556061563009,0,449,0.7381917452384179,2.038715320606435,0.9075488716661892,0.07206116597642553,0.04165736361499339,0.9075488716661892,0.0
uniform bias=0.10 frac=1.00,bias sensitivity,47,1.0,True,0.0,False,0.8095372460496614,,,,,,,0.8095372460496614,0,443,0.7376479521577095,1.987527154369979,0.8101882902114383,0.0613674389586818,0.06232068007971614,0.8101882902114383,0.0
uniform bias=0.10 frac=1.00,bias sensitivity,48,1.0,True,0.0,False,0.8255978937743376,,,,,,,0.8255978937743376,0,463,0.7388873875054149,2.0160300635987536,0.823084965923574,0.07964766348819907,0.04374551453277781,0.823084965923574,0.0
uniform bias=0.10 frac=1.00,bias sensitivity,49,1.0,True,0.0,False,0.8637568431221977,,,,,,,0.8637568431221977,0,438,0.7431440239690597,1.9991625458062205,0.8783817778489262,0.06704830481000568,0.022875065183907514,0.8783817778489262,0.0
uniform bias=0.10 frac=1.00,bias sensitivity,50,1.0,True,0.0,False,0.8316199929103155,,,,,,,0.8316199929103155,0,465,0.7346722205702585,2.084243110021321,0.8268474248017914,0.051146427468759637,0.040544251394016455,0.8268474248017914,0.0
uniform bias=0.10 frac=1.00,bias sensitivity,51,1.0,True,0.0,False,0.9619402038313527,,,,,,,0.9619402038313527,0,442,0.7402698909169052,2.018815185957339,0.9608374227264037,0.00401677804635292,0.005926456771031444,0.9608374227264036,1.1102230246251565e-16
uniform bias=0.10 frac=1.00,bias sensitivity,52,1.0,True,0.0,False,0.9546913835956917,,,,,,,0.9546913835956917,0,426,0.7273265466511176,2.026900639978316,0.9564585959335782,0.001201855889093828,0.003378705722324696,0.9564585959335782,0.0
uniform bias=0.10 frac=1.00,bias sensitivity,53,1.0,True,0.0,False,0.8309400567707463,,,,,,,0.8309400567707463,0,424,0.73351161535819,2.0559540845782984,0.8459119496855345,0.028140787830204572,0.04862023180686385,0.8459119496855345,0.0
uniform bias=0.10 frac=1.00,bias sensitivity,54,1.0,True,0.0,False,0.8401420959147424,,,,,,,0.8401420959147424,0,425,0.7153120553684864,2.123535892145195,0.8431372549019608,0.04164679992664588,0.01900151182470656,0.8431372549019608,0.0
uniform bias=0.10 frac=1.00,bias sensitivity,55,1.0,True,0.0,False,0.9000999000999,,,,,,,0.9000999000999,0,440,0.7198005429172869,2.089022963486864,0.9023297491039426,0.010374680172444029,0.014232642609785406,0.9023297491039426,0.0
uniform bias=0.10 frac=1.00,bias sensitivity,56,1.0,True,0.0,False,0.8911702822317347,,,,,,,0.8911702822317347,0,462,0.7222059081107663,2.0842112053729953,0.8894276455252065,0.016003430531732477,0.006600075921603943,0.8894276455252065,0.0
uniform bias=0.10 frac=1.00,bias sensitivity,57,1.0,True,0.0,False,0.8492716807614393,,,,,,,0.8492716807614393,0,454,0.7583653039295446,1.9910805372025613,0.8586445387078323,0.022716961565882432,0.049993245033469004,0.8586445387078323,0.0
uniform bias=0.10 frac=1.00,bias sensitivity,58,1.0,True,0.0,False,0.9125021874453139,,,,,,,0.9125021874453139,0,442,0.7631704197936179,1.9714510728310115,0.931566021495187,0.007881840923888883,0.010855039821478646,0.931566021495187,0.0
uniform bias=0.10 frac=1.00,bias sensitivity,59,1.0,True,0.0,False,0.8813916710595677,,,,,,,0.8813916710595677,0,455,0.7042359276483201,2.091769012734878,0.8432115551791007,0.06814372512046929,0.06993595141522868,0.8432115551791007,0.0
uniform bias=0.10 frac=1.00,bias sensitivity,60,1.0,True,0.0,False,0.8807012256379346,,,,,,,0.8807012256379346,0,432,0.7357192032996973,2.0017804065075606,0.8813626460685284,0.013788968824939962,0.02899563572825946,0.8813626460685284,0.0
uniform bias=0.10 frac=1.00,bias sensitivity,61,1.0,True,0.0,False,0.9549472238908436,,,,,,,0.9549472238908436,0,430,0.726284529851852,2.0325090096794547,0.9762075134168158,0.05151263843535647,0.018348295974075488,0.9762075134168158,0.0
uniform bias=0.10 frac=1.00,bias sensitivity,62,1.0,False,0.016069671090665594,True,0.7981642260063841,0.3,target not reachable; largest admissible DI,0.0,4.0,0.0,0.0,0.7981642260063841,423,423,0.7285817545170761,2.046743276083674,0.7848526254147961,0.06718778908418133,0.049127504781982155,0.7895243672327413,0.0
uniform bias=0.10 frac=1.00,bias sensitivity,63,1.0,True,0.0,False,0.892219871462217,,,,,,,0.892219871462217,0,470,0.731784924949329,2.097516165158171,0.8916788698423637,0.047398564168750434,0.02864242532945329,0.8916788698423637,0.0
uniform bias=0.10 frac=1.00,bias sensitivity,64,1.0,True,0.0,False,0.8226228554812445,,,,,,,0.8226228554812445,0,475,0.7113341943569562,2.083668800967196,0.8142159522517635,0.03225981741776551,0.026734967207753833,0.8142159522517635,0.0
uniform bias=0.10 frac=1.00,bias sensitivity,65,1.0,True,0.0,False,0.823822495497686,,,,,,,0.823822495497686,0,431,0.7508669649421685,2.0247962013639462,0.840094304318539,0.040024378564276764,0.02474382770021749,0.840094304318539,0.0
uniform bias=0.10 frac=1.00,bias sensitivity,66,1.0,True,0.0,False,0.8530092447802644,,,,,,,0.8530092447802644,0,429,0.7204100390360642,2.0477479219361316,0.8352613928822108,0.03808219178082195,0.03093101994195191,0.8352613928822108,0.0
uniform bias=0.10 frac=1.00,bias sensitivity,67,1.0,True,0.0,True,0.7947316438524606,1.0,target not reachable; largest admissible DI,0.0,4.0,0.0,0.0,0.8113752384881142,451,451,0.743122929352638,1.985541805815544,0.823689533844595,0.039705125731558266,0.04309734464946034,0.823689533844595,0.0
uniform bias=0.10 frac=1.00,bias sensitivity,68,1.0,True,0.0,False,0.9112935928629359,,,,,,,0.9112935928629359,0,432,0.741168782486864,2.0522798380125034,0.9218455743879472,0.012944983818770295,0.011111649486390013,0.9218455743879472,0.0
uniform bias=0.10 frac=1.00,bias sensitivity,69,1.0,True,0.0,False,0.9042851438192903,,,,,,,0.9042851438192903,0,449,0.7204761829379356,2.1006925050603535,0.8966290438262053,0.051260461318636485,0.025023084162935652,0.8966290438262053,0.0
uniform bias=0.10 frac=1.00,bias sensitivity,70,1.0,False,0.05600199291835395,True,0.7933348461762896,0.3,target not reachable; largest admissible DI,0.0,4.0,0.0,0.0,0.7976464486011606,436,436,0.7099300727100756,2.1422648546921272,0.7826674951569867,0.07544723192547897,0.058298084047845866,0.7972513615263715,0.0
uniform bias=0.10 frac=1.00,bias sensitivity,71,1.0,True,0.0,False,0.8044096728307254,,,,,,,0.8044096728307254,0,456,0.7402840550269939,2.0615001860179554,0.7868676545733265,0.10039577079708628,0.044324042367624994,0.7868676545733265,0.0
uniform bias=0.20 frac=1.00,bias sensitivity,42,1.0,True,0.0,False,0.8128392288976231,,,,,,,0.8128392288976231,0,468,0.7281463141464176,2.0021014163187787,0.8143252238316223,0.044230769230769296,0.057256610576923106,0.8143252238316223,0.0
uniform bias=0.20 frac=1.00,bias sensitivity,43,1.0,True,0.0,True,0.7646808180973039,1.0,target not reachable; largest admissible DI,0.0,4.0,0.0,0.0,0.8330996281375891,461,461,0.7345911709928181,2.056503253829955,0.8348916192979401,0.007459207459207473,0.005735140584292767,0.8348916192979401,0.0
uniform bias=0.20 frac=1.00,bias sensitivity,44,1.0,True,0.0,True,0.7207721971407072,1.0,target not reachable; largest admissible DI,0.0,4.0,0.0,0.0,0.8326161587659894,443,443,0.7207327758847017,2.070960356915507,0.8326161587659894,0.06348787038260029,0.04046193559444468,0.8326161587659894,0.0
uniform bias=0.20 frac=1.00,bias sensitivity,45,1.0,True,0.0,True,0.7311827956989247,1.0,target not reachable; largest admissible DI,0.0,4.0,0.0,0.0,0.8111559139784945,480,480,0.7150485581048005,2.101462735137952,0.8424352750809061,0.010932220234545875,0.018473348721040825,0.8424352750809061,0.0
uniform bias=0.20 frac=1.00,bias sensitivity,46,1.0,True,0.0,False,0.805421845439088,,,,,,,0.805421845439088,0,449,0.7313688655301511,2.05740910616144,0.7901111977680043,0.11617028664017592,0.06835652278187221,0.7901111977680043,0.0
uniform bias=0.20 frac=1.00,bias sensitivity,47,1.0,True,0.0,True,0.6677555297036186,1.0,target met; minimum deviation (practicality),1.0,4.0,0.0,0.0,0.8550528124253653,443,443,0.7209835294811644,2.0430949859766567,0.8636211627182282,0.023246686592398036,0.003238418129402121,0.8636211627182282,0.0
uniform bias=0.20 frac=1.00,bias sensitivity,48,1.0,True,0.0,True,0.7124658849787623,1.0,target not reachable; largest admissible DI,0.0,4.0,0.0,0.0,0.818745326384434,463,463,0.7305359666557054,2.043739656818278,0.8261980999561993,0.06306437783899155,0.006987975985942224,0.8261980999561993,0.0
uniform bias=0.20 frac=1.00,bias sensitivity,49,1.0,False,0.4253076666345983,True,0.6945416950586246,0.7,target met; minimum deviation (practicality),2.0,4.0,0.0,0.0,0.8608989872882352,438,438,0.7331206846646736,2.0354653677970695,0.8552999069025137,0.05225181777711829,0.004931789781460041,0.9063040297911956,1.1102230246251565e-16
uniform bias=0.20 frac=1.00,bias sensitivity,50,1.0,True,0.0,True,0.7288038823865258,1.0,target not reachable; largest admissible DI,0.0,4.0,0.0,0.0,0.819411932629175,465,465,0.7049317928532254,2.191780804542613,0.7980120030007501,0.03592065691210755,0.015356316160034744,0.7980120030007501,0.0
uniform bias=0.20 frac=1.00,bias sensitivity,51,1.0,True,0.0,False,0.8121363930187461,,,,,,,0.8121363930187461,0,442,0.734249980127576,2.0318415018489437,0.8583344759815348,0.04053680132816828,0.023700018323003114,0.8583344759815348,0.0
uniform bias=0.20 frac=1.00,bias sensitivity,52,1.0,True,0.0,False,0.8373902384109273,,,,,,,0.8373902384109273,0,426,0.7078329368301366,2.08318185435069,0.7927761883802817,0.032804232804232836,0.04815743944301786,0.7927761883802817,0.0
uniform bias=0.20 frac=1.00,bias sensitivity,53,1.0,True,0.0,True,0.6881995522865366,1.0,target met; minimum deviation (practicality),1.0,4.0,0.0,0.0,0.8731531819635432,424,424,0.7171283163609419,2.1166003569819005,0.8914198710293767,0.0022385022385021935,0.0037536501190724852,0.8914198710293767,0.0
uniform bias=0.20 frac=1.00,bias sensitivity,54,1.0,True,0.0,True,0.7413793103448275,1.0,target not reachable; largest admissible DI,0.0,4.0,0.0,0.0,0.8067951318458417,425,425,0.7146169969690225,2.1193114538154427,0.8069578577699736,0.03970026589315934,0.007833604020959839,0.8069578577699736,0.0
uniform bias=0.20 frac=1.00,bias sensitivity,55,1.0,True,0.0,True,0.7719270166453265,1.0,target not reachable; largest admissible DI,0.0,4.0,0.0,0.0,0.8185819462227913,440,440,0.716018056621335,2.0966979231678944,0.8167105466935108,0.013445168643373528,0.0356088737484212,0.8167105466935108,0.0
uniform bias=0.20 frac=1.00,bias sensitivity,56,1.0,True,0.0,True,0.7676741862788374,1.0,target not reachable; largest admissible DI,0.0,4.0,0.0,0.0,0.8319819715168552,462,462,0.6722290375711749,2.2533779930080575,0.8910141180747714,0.0027013617068195606,0.011297018348325139,0.8910141180747714,0.0
uniform bias=0.20 frac=1.00,bias sensitivity,57,1.0,True,0.0,True,0.7169680539724592,1.0,target met; minimum deviation (practicality),1.0,4.0,0.0,0.0,0.8579449185176057,454,454,0.7226040555420948,2.122871725786265,0.8957872308356342,0.024302678818006074,0.0006017986663107711,0.8957872308356342,0.0
uniform bias=0.20 frac=1.00,bias sensitivity,58,1.0,False,0.06841016526656674,True,0.7894002118032156,0.5,target not reachable; largest admissible DI,0.0,4.0,0.0,0.0,0.7978883861236803,442,442,0.7579704517912768,1.9805842921478547,0.7897466678979285,0.03585953954535548,0.05276946292767381,0.7978883861236802,0.0
uniform bias=0.20 frac=1.00,bias sensitivity,59,1.0,True,0.0,True,0.7359154929577465,1.0,target not reachable; largest admissible DI,0.0,4.0,0.0,0.0,0.8329592942268998,455,455,0.7143809659948248,2.045833365428323,0.831844833611618,0.07379892363532337,0.047215626876302624,0.831844833611618,0.0
uniform bias=0.20 frac=1.00,bias sensitivity,60,1.0,False,0.12294096825267431,True,0.7864186682288614,0.3,target not reachable; largest admissible DI,0.0,4.0,0.0,0.0,0.7864186682288614,432,432,0.7302852082025528,2.0146026678390623,0.7919862340216322,0.018344875885145107,0.03242741802225382,0.7919862340216322,0.0
uniform bias=0.20 frac=1.00,bias sensitivity,61,1.0,True,0.0,False,0.880362689950466,,,,,,,0.880362689950466,0,430,0.722942809046835,2.029095029220573,0.8834183452926428,0.052887067395264054,0.027386536284630267,0.8834183452926428,0.0
uniform bias=0.20 frac=1.00,bias sensitivity,62,1.0,True,0.0,True,0.6632695631444067,1.0,target met; minimum deviation (practicality),1.0,4.0,0.0,0.0,0.8558316943798796,423,423,0.7286527108158706,2.042772916943891,0.8278178713432799,0.021964515809297258,0.003354791083324385,0.8278178713432799,0.0
uniform bias=0.20 frac=1.00,bias sensitivity,63,1.0,False,0.011088095353635197,True,0.7969052224371374,0.7,target not reachable; largest admissible DI,0.0,4.0,0.0,0.0,0.8088588007736944,470,470,0.7370288927937483,2.0653360382020645,0.7766772642047771,0.09762517095156586,0.05394312609692899,0.7766772642047771,0.0
uniform bias=0.20 frac=1.00,bias sensitivity,64,1.0,True,0.0,True,0.742501414827391,1.0,target not reachable; largest admissible DI,0.0,4.0,0.0,0.0,0.7927749481229956,475,475,0.6877713246674442,2.166311280827853,0.7252306022788931,0.08287577213452291,0.03628228541367156,0.7252306022788931,0.0
uniform bias=0.20 frac=1.00,bias sensitivity,65,1.0,True,0.0,True,0.7269781582526602,1.0,target not reachable; largest admissible DI,0.0,4.0,0.0,0.0,0.8381630530442435,431,431,0.7354671498618361,2.0809600078889052,0.8203997858290202,0.018863831432802347,0.007865489179292778,0.8203997858290202,0.0
uniform bias=0.20 frac=1.00,bias sensitivity,66,1.0,True,0.0,True,0.7151219278148953,1.0,target not reachable; largest admissible DI,0.0,4.0,0.0,0.0,0.843586944787631,429,429,0.7174323464489587,2.0569016013311376,0.843705687726485,0.03847241067390317,0.02104357670954035,0.843705687726485,0.0
uniform bias=0.20 frac=1.00,bias sensitivity,67,1.0,True,0.0,True,0.6714060392712643,1.0,target met; minimum deviation (practicality),1.0,4.0,0.0,0.0,0.8832186588032703,451,451,0.7223491130148508,2.058024956879814,0.9070422434144907,0.017253398396653852,0.045765620374443,0.9070422434144908,1.1102230246251565e-16
uniform bias=0.20 frac=1.00,bias sensitivity,68,1.0,True,0.0,True,0.780701754385965,1.0,target not reachable; largest admissible DI,0.0,4.0,0.0,0.0,0.8153996101364522,432,432,0.7349453648484856,2.068578433993312,0.8295224977043159,0.0485472941613293,0.03523107107564989,0.8295224977043159,0.0
uniform bias=0.20 frac=1.00,bias sensitivity,69,1.0,True,0.0,True,0.7500313686125664,1.0,target not reachable; largest admissible DI,0.0,4.0,0.0,0.0,0.8406945010822171,449,449,0.714900304952462,2.112619578560714,0.86623417536045,0.04799992850504042,0.013647997378814211,0.86623417536045,0.0
uniform bias=0.20 frac=1.00,bias sensitivity,70,1.0,True,0.0,True,0.6776487504493381,1.0,target met; minimum deviation (practicality),1.0,4.0,0.0,0.0,0.8564149852304519,436,436,0.7209525862964411,2.0951080824506008,0.8454454867195823,0.02492837742307552,0.003451843032525409,0.8454454867195823,0.0
uniform bias=0.20 frac=1.00,bias sensitivity,71,1.0,True,0.0,True,0.7072196197299532,1.0,target not reachable; largest admissible DI,0.0,4.0,0.0,0.0,0.8190961697437311,456,456,0.7420936057504732,2.048023770723627,0.8072957580518461,0.06715063520871145,0.00603011023307265,0.8072957580518461,0.0
uniform bias=0.30 frac=0.10,interv. sweep (30 seeds); reverse discr. (seeds 42-56),42,0.1,False,0.3656887718940567,True,0.6862112246727631,0.7,target not reachable; largest admissible DI,0.0,4.0,0.0,0.0,0.697776582391967,46,468,0.7263951408156536,2.009151935105285,0.6929309116809117,0.09852181979511176,0.08783617487484355,0.6967592592592593,0.0
uniform bias=0.30 frac=0.25,interv. sweep (30 seeds); reverse discr. (seeds 42-56),42,0.25,True,0.0,True,0.6862112246727631,1.0,target not reachable; largest admissible DI,0.0,4.0,0.0,0.0,0.7247624170701095,117,468,0.7224777901128638,2.023483882466602,0.7235576923076923,0.07678268936032917,0.06992435613632549,0.7235576923076923,0.0
uniform bias=0.30 frac=0.50,interv. sweep (30 seeds); reverse discr. (seeds 42-56),42,0.5,True,0.0,True,0.6862112246727631,1.0,target not reachable; largest admissible DI,0.0,4.0,0.0,0.0,0.7710238479469248,234,468,0.7174458944781725,2.0417458801058026,0.7733262108262109,0.044173993708155224,0.041296064648266684,0.7733262108262109,0.0
uniform bias=0.30 frac=0.75,reverse discrimination (15 seeds),42,0.75,True,0.0,True,0.6862112246727631,1.0,target not reachable; largest admissible DI,0.0,4.0,0.0,0.0,0.8172852788237404,351,468,0.7135333192300148,2.055833482419754,0.8192663817663818,0.011565298055981388,0.014428336540489625,,
uniform bias=0.30 frac=1.00,bias sens.; interv. sweep; ablation; reverse discr.; binarization,42,1.0,True,0.0,True,0.6862112246727631,1.0,target met; minimum deviation (practicality),1.0,4.0,0.0,0.0,0.8635467097005559,468,468,0.7074845905950171,2.077424511415038,0.8652065527065528,0.010173832378801317,0.010525735719155258,0.8652065527065528,0.0
uniform bias=0.30 frac=0.10,interv. sweep (30 seeds); reverse discr. (seeds 42-56),43,0.1,True,0.0,True,0.6356860782023471,1.0,target not reachable; largest admissible DI,0.0,4.0,0.0,0.0,0.6626545784897194,46,461,0.7246545412879902,2.092752161110721,0.639317384345171,0.12146457048292458,0.09044324164607634,0.639317384345171,0.0
uniform bias=0.30 frac=0.25,interv. sweep (30 seeds); reverse discr. (seeds 42-56),43,0.25,True,0.0,True,0.6356860782023471,1.0,target not reachable; largest admissible DI,0.0,4.0,0.0,0.0,0.7127389361662679,115,461,0.7245377964736914,2.093195771242731,0.6797805099366376,0.10516022265683767,0.06965568867166104,0.6797805099366376,0.0
uniform bias=0.30 frac=0.50,interv. sweep (30 seeds); reverse discr. (seeds 42-56),43,0.5,True,0.0,True,0.6356860782023471,1.0,target not reachable; largest admissible DI,0.0,4.0,0.0,0.0,0.7666759367410125,230,461,0.7240305372216973,2.0951221780936344,0.744521510882984,0.061681961787272366,0.033476125023882,0.744521510882984,0.0
uniform bias=0.30 frac=0.75,reverse discrimination (15 seeds),43,0.75,True,0.0,True,0.6356860782023471,1.0,target not reachable; largest admissible DI,0.0,4.0,0.0,0.0,0.8283182231121493,345,461,0.7208922426563151,2.1070012518810524,0.8011698867110371,0.023638483526402854,0.0018190068320754066,,
uniform bias=0.30 frac=1.00,bias sens.; interv. sweep; ablation; reverse discr.; binarization,43,1.0,True,0.0,True,0.6356860782023471,1.0,target met; minimum deviation (practicality),1.0,4.0,0.0,0.0,0.889960509483286,461,461,0.7214118420879734,2.105039094560898,0.8578182625390902,0.04157890777794504,0.034399797123347634,0.8578182625390902,0.0
uniform bias=0.30 frac=0.10,interv. sweep (30 seeds); reverse discr. (seeds 42-56),44,0.1,True,0.0,True,0.6165179450664324,1.0,target not reachable; largest admissible DI,0.0,4.0,0.0,0.0,0.6365347614646931,44,443,0.7213356131020505,2.0676900742076514,0.6341540238332721,0.19308730151499964,0.12783520660856365,0.6341540238332721,0.0
uniform bias=0.30 frac=0.25,interv. sweep (30 seeds); reverse discr. (seeds 42-56),44,0.25,True,0.0,True,0.6165179450664324,1.0,target not reachable; largest admissible DI,0.0,4.0,0.0,0.0,0.6685616677019105,110,443,0.7166721613388747,2.0849196975546707,0.6658617250249357,0.16634933360056114,0.1086068476513444,0.6658617250249357,0.0
uniform bias=0.30 frac=0.50,interv. sweep (30 seeds); reverse discr. (seeds 42-56),44,0.5,True,0.0,True,0.6165179450664324,1.0,target not reachable; largest admissible DI,0.0,4.0,0.0,0.0,0.7125986637780842,221,443,0.711312262688409,2.104548198227496,0.7094598141634731,0.13961136568612265,0.08351911369412515,0.7094598141634731,0.0
uniform bias=0.30 frac=0.75,reverse discrimination (15 seeds),44,0.75,True,0.0,True,0.6165179450664324,1.0,target not reachable; largest admissible DI,0.0,4.0,0.0,0.0,0.7726491129728665,332,443,0.7081272407389196,2.1161258380062287,0.7649482912488844,0.10217821060590881,0.051130661154018237,,
uniform bias=0.30 frac=1.00,bias sens.; interv. sweep; ablation; reverse discr.; binarization,44,1.0,True,0.0,True,0.6165179450664324,1.0,target met; minimum deviation (practicality),1.0,4.0,0.0,0.0,0.8527163785659098,443,443,0.704185528480182,2.130366951357846,0.8481810068770014,0.038007087611256374,0.001466974656692016,0.8481810068770014,0.0
uniform bias=0.30 frac=0.10,interv. sweep (30 seeds); reverse discr. (seeds 42-56),45,0.1,True,0.0,True,0.6419270833333334,1.0,target not reachable; largest admissible DI,0.0,4.0,0.0,0.0,0.660373263888889,48,480,0.7395582477836784,2.011534711068573,0.6593649517684887,0.10804492409278721,0.0860566804160157,0.6593649517684887,0.0
uniform bias=0.30 frac=0.25,interv. sweep (30 seeds); reverse discr. (seeds 42-56),45,0.25,True,0.0,True,0.6419270833333334,1.0,target not reachable; largest admissible DI,0.0,4.0,0.0,0.0,0.6825086805555556,120,480,0.7327348714182996,2.0377146876812566,0.6832797427652733,0.09147033845742802,0.07108042438763378,0.6832797427652733,0.0
uniform bias=0.30 frac=0.50,interv. sweep (30 seeds); reverse discr. (seeds 42-56),45,0.5,True,0.0,True,0.6419270833333334,1.0,target not reachable; largest admissible DI,0.0,4.0,0.0,0.0,0.7341579861111112,240,480,0.7227823740136915,2.0753084142142875,0.727692926045016,0.06937089094361593,0.044980533406647455,0.727692926045016,0.0
uniform bias=0.30 frac=0.75,reverse discrimination (15 seeds),45,0.75,True,0.0,True,0.6419270833333334,1.0,target not reachable; largest admissible DI,0.0,4.0,0.0,0.0,0.796875,360,480,0.7156857401613086,2.101703986820977,0.7789389067524115,0.02517199591599162,0.011175400274106198,,
uniform bias=0.30 frac=1.00,bias sens.; interv. sweep; ablation; reverse discr.; binarization,45,1.0,True,0.0,True,0.6419270833333334,1.0,target not reachable; largest admissible DI,0.0,4.0,0.0,0.0,0.8485243055555556,480,480,0.7090370524364495,2.126136145054005,0.8199356913183279,0.003072548402179409,0.01325224990420458,0.8199356913183279,0.0
uniform bias=0.30 frac=0.10,interv. sweep (30 seeds); reverse discr. (seeds 42-56),46,0.1,True,0.0,True,0.6913117232306681,1.0,target not reachable; largest admissible DI,0.0,4.0,0.0,0.0,0.7115255163075882,44,449,0.727187493966603,2.075119494630473,0.6891776537873555,0.13735532524095662,0.09470804747552712,0.6891776537873555,0.0
uniform bias=0.30 frac=0.25,interv. sweep (30 seeds); reverse discr. (seeds 42-56),46,0.25,True,0.0,True,0.6913117232306681,1.0,target not reachable; largest admissible DI,0.0,4.0,0.0,0.0,0.7317393093845083,112,449,0.7246278583979111,2.0848315659030336,0.7218014480494789,0.10420615397023836,0.0744021185565859,0.7218014480494789,0.0
uniform bias=0.30 frac=0.50,interv. sweep (30 seeds); reverse discr. (seeds 42-56),46,0.5,True,0.0,True,0.6913117232306681,1.0,target not reachable; largest admissible DI,0.0,4.0,0.0,0.0,0.7883379299998846,224,449,0.7230786583100339,2.0906878071041497,0.770737139442664,0.07658184457797312,0.04753026236791598,0.770737139442664,0.0
uniform bias=0.30 frac=0.75,reverse discrimination (15 seeds),46,0.75,True,0.0,True,0.6913117232306681,1.0,target not reachable; largest admissible DI,0.0,4.0,0.0,0.0,0.8328082747691089,336,449,0.7199484164921226,2.102470879244281,0.8237508051186144,0.048957535185708,0.018792734537455058,,
uniform bias=0.30 frac=1.00,bias sens.; interv. sweep; ablation; reverse discr.; binarization,46,1.0,True,0.0,True,0.6913117232306681,1.0,target met; minimum deviation (practicality),1.0,4.0,0.0,0.0,0.8813213781537171,449,449,0.7147899819861988,2.1217458476444775,0.868608522229034,0.03790781142880195,0.0035231721171173763,0.868608522229034,0.0
uniform bias=0.30 frac=0.10,interv. sweep (30 seeds); reverse discr. (seeds 42-56),47,0.1,True,0.0,True,0.5718523216984124,1.0,target not reachable; largest admissible DI,0.0,4.0,0.0,0.0,0.6034027946197041,44,443,0.7466553881355761,1.949529445916892,0.6024070804371634,0.13527568922305766,0.12098113376590629,0.6024070804371634,0.0
uniform bias=0.30 frac=0.25,interv. sweep (30 seeds); reverse discr. (seeds 42-56),47,0.25,True,0.0,True,0.5718523216984124,1.0,target not reachable; largest admissible DI,0.0,4.0,0.0,0.0,0.6665037404622874,110,443,0.7407152397657943,1.972252243744934,0.6654038993064092,0.09956140350877196,0.08494217272694525,0.6654038993064092,0.0
uniform bias=0.30 frac=0.50,interv. sweep (30 seeds); reverse discr. (seeds 42-56),47,0.5,True,0.0,True,0.5718523216984124,1.0,target not reachable; largest admissible DI,0.0,4.0,0.0,0.0,0.7532675409958398,221,443,0.7330080283204745,2.0013500868913545,0.7520245252516222,0.04598997493734336,0.03452009480486731,0.7520245252516222,0.0
uniform bias=0.30 frac=0.75,reverse discrimination (15 seeds),47,0.75,True,0.0,True,0.5718523216984124,1.0,target not reachable; largest admissible DI,0.0,4.0,0.0,0.0,0.8203122959535847,332,443,0.7234204971803371,2.036966839076594,0.8228959464795237,0.01027568922305766,0.005155229870457356,,
uniform bias=0.30 frac=1.00,bias sens.; interv. sweep; ablation; reverse discr.; binarization,47,1.0,True,0.0,True,0.5718523216984124,1.0,target met; minimum deviation (practicality),1.0,4.0,0.0,0.0,0.8794694326810065,443,443,0.7064236452615713,2.0986233466164435,0.8819554641694418,0.013533834586466176,0.03705999177521928,0.8819554641694418,0.0
uniform bias=0.30 frac=0.10,interv. sweep (30 seeds); reverse discr. (seeds 42-56),48,0.1,True,0.0,True,0.6122211751073496,1.0,target not reachable; largest admissible DI,0.0,4.0,0.0,0.0,0.6426421030629944,46,463,0.7242208689827558,2.072621929750363,0.6701586707709053,0.10706731747000198,0.06565148125550807,0.6701586707709053,0.0
uniform bias=0.30 frac=0.25,interv. sweep (30 seeds); reverse discr. (seeds 42-56),48,0.25,True,0.0,True,0.6122211751073496,1.0,target not reachable; largest admissible DI,0.0,4.0,0.0,0.0,0.6844708790020059,115,463,0.713393588377446,2.1129165284331326,0.7089573306576419,0.08888549928818379,0.04313775337265266,0.7089573306576419,0.0
uniform bias=0.30 frac=0.50,interv. sweep (30 seeds); reverse discr. (seeds 42-56),48,0.5,True,0.0,True,0.6122211751073496,1.0,target not reachable; largest admissible DI,0.0,4.0,0.0,0.0,0.7377075029243841,231,463,0.6995248626504031,2.163434050149282,0.7618645941395554,0.0707036811063656,0.013912616093824104,0.7618645941395554,0.0
uniform bias=0.30 frac=0.75,reverse discrimination (15 seeds),48,0.75,True,0.0,True,0.6122211751073496,1.0,target not reachable; largest admissible DI,0.0,4.0,0.0,0.0,0.7985493588356736,347,463,0.688464671229833,2.202891166501139,0.814771857621469,0.028279438682123237,0.020722323910243395,,
uniform bias=0.30 frac=1.00,bias sens.; interv. sweep; ablation; reverse discr.; binarization,48,1.0,True,0.0,True,0.6122211751073496,1.0,target met; minimum deviation (practicality),1.0,4.0,0.0,0.0,0.8707990627303297,463,463,0.6769339494993629,2.2432880909768995,0.888842026496148,0.020205409802725338,0.06677682868958043,0.888842026496148,0.0
uniform bias=0.30 frac=0.10,interv. sweep (30 seeds); reverse discr. (seeds 42-56),49,0.1,True,0.0,True,0.5960952077549719,1.0,target not reachable; largest admissible DI,0.0,4.0,0.0,0.0,0.6242889000136531,43,438,0.7369337426335496,2.027934563083493,0.650889228188641,0.14228088781152937,0.0874703311238098,0.650889228188641,0.0
uniform bias=0.30 frac=0.25,interv. sweep (30 seeds); reverse discr. (seeds 42-56),49,0.25,True,0.0,True,0.5960952077549719,1.0,target not reachable; largest admissible DI,0.0,4.0,0.0,0.0,0.6685932735630091,109,438,0.7295957650434325,2.0560236626930917,0.6927592954990215,0.11902507385804106,0.06268452941022354,0.6927592954990215,0.0
uniform bias=0.30 frac=0.50,interv. sweep (30 seeds); reverse discr. (seeds 42-56),49,0.5,True,0.0,True,0.5960952077549719,1.0,target not reachable; largest admissible DI,0.0,4.0,0.0,0.0,0.745119009693715,219,438,0.7170440626628092,2.1032009522958197,0.7536612115868475,0.07251344595106424,0.02439112147177272,0.7536612115868475,0.0
uniform bias=0.30 frac=0.75,reverse discrimination (15 seeds),49,0.75,True,0.0,True,0.5960952077549719,1.0,target not reachable; largest admissible DI,0.0,4.0,0.0,0.0,0.8417830974377645,328,438,0.7105125456818266,2.1273367257723366,0.8526268252295649,0.02600181804408752,0.032699278947881064,,
uniform bias=0.30 frac=1.00,bias sens.; interv. sweep; ablation; reverse discr.; binarization,49,1.0,True,0.0,True,0.5960952077549719,1.0,target met; minimum deviation (practicality),1.0,4.0,0.0,0.0,0.910253492923133,438,438,0.7005013350845585,2.1638084352240283,0.9211414808283692,0.0030679493977728844,0.07167025289437516,0.9211414808283692,0.0
uniform bias=0.30 frac=0.10,interv. sweep (30 seeds); reverse discr. (seeds 42-56),50,0.1,True,0.0,True,0.6180689124580975,1.0,target not reachable; largest admissible DI,0.0,4.0,0.0,0.0,0.6256525800956202,46,465,0.7390825471679103,2.064229978369346,0.6325560075631697,0.12036806543385492,0.07575780320873074,0.6325560075631697,0.0
uniform bias=0.30 frac=0.25,interv. sweep (30 seeds); reverse discr. (seeds 42-56),50,0.25,True,0.0,True,0.6180689124580975,1.0,target not reachable; largest admissible DI,0.0,4.0,0.0,0.0,0.6597790844644722,116,465,0.7397444752432769,2.061609917007769,0.6760442330831375,0.09334103840682795,0.05153000398093154,0.6760442330831375,0.0
uniform bias=0.30 frac=0.50,interv. sweep (30 seeds); reverse discr. (seeds 42-56),50,0.5,True,0.0,True,0.6180689124580975,1.0,target not reachable; largest admissible DI,0.0,4.0,0.0,0.0,0.6976974226520855,232,465,0.7426411684607893,2.050104759621133,0.707672033461296,0.06631401137980086,0.03265934761027514,0.707672033461296,0.0
uniform bias=0.30 frac=0.75,reverse discrimination (15 seeds),50,0.75,True,0.0,True,0.6180689124580975,1.0,target not reachable; largest admissible DI,0.0,4.0,0.0,0.0,0.7469912622959828,348,465,0.7402722408469145,2.059518512859881,0.7630206841230733,0.03928698435277389,0.003074405525333085,,
uniform bias=0.30 frac=1.00,bias sens.; interv. sweep; ablation; reverse discr.; binarization,50,1.0,True,0.0,True,0.6180689124580975,1.0,target not reachable; largest admissible DI,0.0,4.0,0.0,0.0,0.8304116063087321,465,465,0.7371341316575082,2.0719230187989766,0.8420901850684696,0.025577880512090978,0.04364374119281364,0.8420901850684696,0.0
uniform bias=0.30 frac=0.10,interv. sweep (30 seeds); reverse discr. (seeds 42-56),51,0.1,True,0.0,True,0.6962640477877897,1.0,target not reachable; largest admissible DI,0.0,4.0,0.0,0.0,0.7209834814370604,44,442,0.7364158787143138,2.0229234939343184,0.7395709625531787,0.0880672268907563,0.051851965505303244,0.7395709625531787,0.0
uniform bias=0.30 frac=0.25,interv. sweep (30 seeds); reverse discr. (seeds 42-56),51,0.25,True,0.0,True,0.6962640477877897,1.0,target not reachable; largest admissible DI,0.0,4.0,0.0,0.0,0.745702915086331,110,442,0.7327070370598796,2.0371058632499714,0.7554757144360428,0.08235294117647052,0.043376845120070465,0.7554757144360428,0.0
uniform bias=0.30 frac=0.50,interv. sweep (30 seeds); reverse discr. (seeds 42-56),51,0.5,True,0.0,True,0.6962640477877897,1.0,target not reachable; largest admissible DI,0.0,4.0,0.0,0.0,0.8033815936012959,221,442,0.7274098921168846,2.0571922613732827,0.807166158055351,0.05378151260504194,0.014109857426116479,0.807166158055351,0.0
uniform bias=0.30 frac=0.75,reverse discrimination (15 seeds),51,0.75,True,0.0,True,0.6962640477877897,1.0,target met; minimum deviation (practicality),1.0,4.0,0.0,0.0,0.8528204608998372,331,442,0.7236246102420398,2.0714264632098875,0.8548804137039431,0.03092436974789914,0.012299987410694616,,
uniform bias=0.30 frac=1.00,bias sens.; interv. sweep; ablation; reverse discr.; binarization,51,1.0,True,0.0,True,0.6962640477877897,1.0,target met; minimum deviation (practicality),1.0,4.0,0.0,0.0,0.8940195169819549,442,442,0.7188784490829665,2.0891369300703833,0.8946422934111032,0.0023529411764705577,0.035948997576558714,0.8946422934111032,0.0
uniform bias=0.30 frac=0.10,interv. sweep (30 seeds); reverse discr. (seeds 42-56),52,0.1,False,0.3125172090110926,True,0.7000743815533748,0.7,target not reachable; largest admissible DI,0.0,4.0,0.0,0.0,0.7129591861218418,42,426,0.7040381373815114,2.091699099460273,0.6871492110558086,0.05049208386820714,0.06387349291449573,0.6966271312083024,0.0
uniform bias=0.30 frac=0.25,interv. sweep (30 seeds); reverse discr. (seeds 42-56),52,0.25,True,0.0,True,0.7000743815533748,1.0,target not reachable; largest admissible DI,0.0,4.0,0.0,0.0,0.7344338604026202,106,426,0.7043947515359041,2.0904385412025253,0.7061050513607964,0.044644130651832925,0.055067163365132156,0.7061050513607964,0.0
uniform bias=0.30 frac=0.50,interv. sweep (30 seeds); reverse discr. (seeds 42-56),52,0.5,True,0.0,True,0.7000743815533748,1.0,target not reachable; largest admissible DI,0.0,4.0,0.0,0.0,0.7773832089641769,213,426,0.7046927702341347,2.0893845225843655,0.7582336121995129,0.03294822421908439,0.031572151325228476,0.7582336121995129,0.0
uniform bias=0.30 frac=0.75,reverse discrimination (15 seeds),52,0.75,True,0.0,True,0.7000743815533748,1.0,target not reachable; largest admissible DI,0.0,4.0,0.0,0.0,0.8117426878134223,319,426,0.7086496900526261,2.0753391350341,0.8056232129619825,0.0037084581372129888,0.0071483467156653185,,
uniform bias=0.30 frac=1.00,bias sens.; interv. sweep; ablation; reverse discr.; binarization,52,1.0,True,0.0,True,0.7000743815533748,1.0,target not reachable; largest admissible DI,0.0,4.0,0.0,0.0,0.8375122969503563,426,426,0.7105690419225998,2.0684919001108995,0.8387959334957111,0.0255313079446583,0.011393104952721306,0.8387959334957111,0.0
uniform bias=0.30 frac=0.10,interv. sweep (30 seeds); reverse discr. (seeds 42-56),53,0.1,True,0.0,True,0.5824311784720074,1.0,target not reachable; largest admissible DI,0.0,4.0,0.0,0.0,0.6157129600989792,42,424,0.7314880752846964,2.069285486921586,0.6275699163045698,0.17712022667267702,0.12171375215035468,0.6275699163045698,0.0
uniform bias=0.30 frac=0.25,interv. sweep (30 seeds); reverse discr. (seeds 42-56),53,0.25,True,0.0,True,0.5824311784720074,1.0,target not reachable; largest admissible DI,0.0,4.0,0.0,0.0,0.6531549644293226,106,424,0.7257881206636458,2.091133481349086,0.6628707240967018,0.1519629939682744,0.09970117353400243,0.6628707240967018,0.0
uniform bias=0.30 frac=0.50,interv. sweep (30 seeds); reverse discr. (seeds 42-56),53,0.5,True,0.0,True,0.5824311784720074,1.0,target not reachable; largest admissible DI,0.0,4.0,0.0,0.0,0.7530003093102382,212,424,0.712742129534538,2.1402997032824977,0.7373946516578694,0.07649129585506687,0.04875777730758733,0.7373946516578694,0.0
uniform bias=0.30 frac=0.75,reverse discrimination (15 seeds),53,0.75,True,0.0,True,0.5824311784720074,1.0,target not reachable; largest admissible DI,0.0,4.0,0.0,0.0,0.8237240952675534,318,424,0.699759020319455,2.188132452361346,0.8001516432883264,0.019887522270161218,0.007248343345323191,,
uniform bias=0.30 frac=1.00,bias sens.; interv. sweep; ablation; reverse discr.; binarization,53,1.0,True,0.0,True,0.5824311784720074,1.0,target met; minimum deviation (practicality),1.0,4.0,0.0,0.0,0.9027683266316116,424,424,0.689845086608502,2.2239650387411993,0.8942871307340119,0.024137634962543175,0.046839706969142206,0.8942871307340119,0.0
uniform bias=0.30 frac=0.10,interv. sweep (30 seeds); reverse discr. (seeds 42-56),54,0.1,True,0.0,True,0.6429274050757426,1.0,target not reachable; largest admissible DI,0.0,4.0,0.0,0.0,0.6598465473145779,42,425,0.7134654863581821,2.126331197863033,0.6123839009287926,0.14343145482991937,0.08639184077528357,0.6123839009287926,0.0
uniform bias=0.30 frac=0.25,interv. sweep (30 seeds); reverse discr. (seeds 42-56),54,0.25,True,0.0,True,0.6429274050757426,1.0,target not reachable; largest admissible DI,0.0,4.0,0.0,0.0,0.6979146173519575,106,425,0.714046851288018,2.1241729900373065,0.6478844169246646,0.12456353030161749,0.06755938227053113,0.6478844169246646,0.0
uniform bias=0.30 frac=0.50,interv. sweep (30 seeds); reverse discr. (seeds 42-56),54,0.5,True,0.0,True,0.6429274050757426,1.0,target not reachable; largest admissible DI,0.0,4.0,0.0,0.0,0.7486720440684634,212,425,0.7129904718817008,2.1280929748762616,0.6966976264189887,0.1056956057733156,0.04308782602141778,0.6966976264189887,0.0
uniform bias=0.30 frac=0.75,reverse discrimination (15 seeds),54,0.75,True,0.0,True,0.6429274050757426,1.0,target not reachable; largest admissible DI,0.0,4.0,0.0,0.0,0.8036592563446783,318,425,0.7157559478154703,2.117815554256191,0.7721362229102168,0.049091832188409845,0.00025165475599750464,,
uniform bias=0.30 frac=1.00,bias sens.; interv. sweep; ablation; reverse discr.; binarization,54,1.0,True,0.0,True,0.6429274050757426,1.0,target not reachable; largest admissible DI,0.0,4.0,0.0,0.0,0.837497540822349,425,425,0.7150502988858465,2.1204427120042024,0.8076367389060888,0.023934599484007335,0.020349068100679962,0.8076367389060888,0.0
uniform bias=0.30 frac=0.10,interv. sweep (30 seeds); reverse discr. (seeds 42-56),55,0.1,True,0.0,True,0.6900826446280991,1.0,target not reachable; largest admissible DI,0.0,4.0,0.0,0.0,0.6983471074380164,44,440,0.7164763925498119,2.098644709100005,0.7167543200601052,0.051365546218487435,0.05345647789907755,0.7167543200601052,0.0
uniform bias=0.30 frac=0.25,interv. sweep (30 seeds); reverse discr. (seeds 42-56),55,0.25,True,0.0,True,0.6900826446280991,1.0,target not reachable; largest admissible DI,0.0,4.0,0.0,0.0,0.7107438016528925,110,440,0.7146581683956408,2.105363212056948,0.736664162283997,0.0456837280366692,0.04303981123241085,0.736664162283997,0.0
uniform bias=0.30 frac=0.50,interv. sweep (30 seeds); reverse discr. (seeds 42-56),55,0.5,True,0.0,True,0.6900826446280991,1.0,target not reachable; largest admissible DI,0.0,4.0,0.0,0.0,0.7355371900826445,220,440,0.7097366919804442,2.123441876970698,0.7605559729526671,0.04000190985485108,0.030729205171804816,0.7605559729526671,0.0
uniform bias=0.30 frac=0.75,reverse discrimination (15 seeds),55,0.75,True,0.0,True,0.6900826446280991,1.0,target not reachable; largest admissible DI,0.0,4.0,0.0,0.0,0.768595041322314,330,440,0.7059167098016603,2.137368881172381,0.7963936889556723,0.017274637127578374,0.009895871838471501,,
uniform bias=0.30 frac=1.00,bias sens.; interv. sweep; ablation; reverse discr.; binarization,55,1.0,True,0.0,True,0.6900826446280991,1.0,target not reachable; largest admissible DI,0.0,4.0,0.0,0.0,0.8057851239669421,440,440,0.7022340891658541,2.1507097115172753,0.8401953418482344,0.005452635599694333,0.014725340282740612,0.8401953418482344,0.0
uniform bias=0.30 frac=0.10,interv. sweep (30 seeds); reverse discr. (seeds 42-56),56,0.1,True,0.0,True,0.6535306345977603,1.0,target not reachable; largest admissible DI,0.0,4.0,0.0,0.0,0.6844669959988376,46,462,0.6783456975047022,2.2319979953140803,0.7511633793492865,0.049749050800933725,0.042595892370120625,0.7511633793492865,0.0
uniform bias=0.30 frac=0.25,interv. sweep (30 seeds); reverse discr. (seeds 42-56),56,0.25,True,0.0,True,0.6535306345977603,1.0,target not reachable; largest admissible DI,0.0,4.0,0.0,0.0,0.7192704025750498,115,462,0.6718909906760012,2.2542817519028837,0.7848478358223485,0.01506696987607814,0.018334436682779343,0.7848478358223485,0.0
uniform bias=0.30 frac=0.50,interv. sweep (30 seeds); reverse discr. (seeds 42-56),56,0.5,True,0.0,True,0.6535306345977603,1.0,target not reachable; largest admissible DI,0.0,4.0,0.0,0.0,0.7811431253772047,231,462,0.6578758614018327,2.301923974931315,0.821900737942717,0.00928662305526895,0.0018567747899090048,0.821900737942717,0.0
uniform bias=0.30 frac=0.75,reverse discrimination (15 seeds),56,0.75,True,0.0,True,0.6535306345977603,1.0,target not reachable; largest admissible DI,0.0,4.0,0.0,0.0,0.8391488030042248,346,462,0.6459254450607553,2.34178207112762,0.869058977005004,0.0022740705863495414,0.02839836728545872,,
uniform bias=0.30 frac=1.00,bias sens.; interv. sweep; ablation; reverse discr.; binarization,56,1.0,True,0.0,True,0.6535306345977603,1.0,target met; minimum deviation (practicality),1.0,4.0,0.0,0.0,0.9048885709815141,462,462,0.6319223101160182,2.3876401045055444,0.9061118791253724,0.008054417407158843,0.04858957875814712,0.9061118791253724,0.0
uniform bias=0.30 frac=0.10,interv. sweep (30 seeds); reverse discr. (seeds 42-56),57,0.1,True,0.0,True,0.6050816535398034,1.0,target not reachable; largest admissible DI,0.0,4.0,0.0,0.0,0.6322327533781279,45,454,0.7284238719878251,2.0998356558186657,0.7215139256366337,0.06257903642354612,0.07652761344986829,0.7215139256366337,0.0
uniform bias=0.30 frac=0.25,interv. sweep (30 seeds); reverse discr. (seeds 42-56),57,0.25,True,0.0,True,0.6050816535398034,1.0,target not reachable; largest admissible DI,0.0,4.0,0.0,0.0,0.6748987674097806,113,454,0.7222538298622074,2.123555174726164,0.7493985217965037,0.0415264048445988,0.058425540084637045,0.7493985217965037,0.0
uniform bias=0.30 frac=0.50,interv. sweep (30 seeds); reverse discr. (seeds 42-56),57,0.5,True,0.0,True,0.6050816535398034,1.0,target not reachable; largest admissible DI,0.0,4.0,0.0,0.0,0.7524733383764222,227,454,0.7058582447516879,2.185334135983904,0.8086532886362272,0.020473773265651363,0.023278012173951215,0.8086532886362272,0.0
uniform bias=0.30 frac=1.00,bias sens.; interv. sweep; ablation; reverse discr.; binarization,57,1.0,True,0.0,True,0.6050816535398034,1.0,target met; minimum deviation (practicality),1.0,4.0,0.0,0.0,0.907622480309705,454,454,0.6853088642370706,2.2603816072301957,0.944590694915593,0.04268412147119072,0.05943729883083346,0.944590694915593,0.0
uniform bias=0.30 frac=0.10,interv. sweep (30 seeds); reverse discr. (seeds 42-56),58,0.1,True,0.0,True,0.6909548910761766,1.0,target not reachable; largest admissible DI,0.0,4.0,0.0,0.0,0.7032933712739655,44,442,0.7179256643321255,2.1345947317197167,0.625211048828257,0.15476564957533812,0.10814262870923769,0.625211048828257,0.0
uniform bias=0.30 frac=0.25,interv. sweep (30 seeds); reverse discr. (seeds 42-56),58,0.25,True,0.0,True,0.6909548910761766,1.0,target not reachable; largest admissible DI,0.0,4.0,0.0,0.0,0.7238575049369469,110,442,0.7200739853743983,2.126450496078656,0.6564716012696697,0.12802768166089962,0.09085207612456746,0.6564716012696697,0.0
uniform bias=0.30 frac=0.50,interv. sweep (30 seeds); reverse discr. (seeds 42-56),58,0.5,True,0.0,True,0.6909548910761766,1.0,target not reachable; largest admissible DI,0.0,4.0,0.0,0.0,0.7567601187977173,221,442,0.7225689351140929,2.1169528763610295,0.7055953265347472,0.09059452658068579,0.06429236132955858,0.7055953265347472,0.0
uniform bias=0.30 frac=1.00,bias sens.; interv. sweep; ablation; reverse discr.; binarization,58,1.0,True,0.0,True,0.6909548910761766,1.0,target not reachable; largest admissible DI,0.0,4.0,0.0,0.0,0.8390166534496432,442,442,0.7306493050076294,2.0858962170629987,0.7904453974471535,0.021075810003145623,0.01776829715843556,0.7904453974471535,0.0
uniform bias=0.30 frac=0.10,interv. sweep (30 seeds); reverse discr. (seeds 42-56),59,0.1,False,0.615363779044305,True,0.6178947955597701,0.7,target not reachable; largest admissible DI,0.0,4.0,0.0,0.0,0.6373254495081906,45,455,0.7106617519217158,2.05935631727042,0.628906621974213,0.14928758977527223,0.11772995189028498,0.6328870436322777,0.0
uniform bias=0.30 frac=0.25,interv. sweep (30 seeds); reverse discr. (seeds 42-56),59,0.25,True,0.0,True,0.6178947955597701,1.0,target not reachable; largest admissible DI,0.0,4.0,0.0,0.0,0.6761867574050314,113,455,0.7088363499599024,2.0658422255439306,0.6766716818709887,0.13298324194918532,0.09297261192558101,0.6766716818709887,0.0
uniform bias=0.30 frac=0.50,interv. sweep (30 seeds); reverse discr. (seeds 42-56),59,0.5,True,0.0,True,0.6178947955597701,1.0,target not reachable; largest admissible DI,0.0,4.0,0.0,0.0,0.7383648500399769,227,455,0.7059912528972251,2.0759108473711794,0.7363780067419583,0.11124411151440261,0.061807843756160136,0.7363780067419583,0.0
uniform bias=0.30 frac=1.00,bias sens.; interv. sweep; ablation; reverse discr.; binarization,59,1.0,True,0.0,True,0.6178947955597701,1.0,target met; minimum deviation (practicality),1.0,4.0,0.0,0.0,0.8588349045201836,455,455,0.6980326226140603,2.103820032434137,0.8637514998000267,0.02972237238396791,0.010318339462193751,0.8637514998000267,0.0
uniform bias=0.30 frac=0.10,interv. sweep (30 seeds); reverse discr. (seeds 42-56),60,0.1,False,0.39698022636508945,True,0.6704331450094161,0.7,target not reachable; largest admissible DI,0.0,4.0,0.0,0.0,0.6830037664783427,43,432,0.7309948439435923,2.0139244935767597,0.7074848160057163,0.056292488807826224,0.05350471492966988,0.7154340836012862,0.0
uniform bias=0.30 frac=0.25,interv. sweep (30 seeds); reverse discr. (seeds 42-56),60,0.25,True,0.0,True,0.6704331450094161,1.0,target not reachable; largest admissible DI,0.0,4.0,0.0,0.0,0.703954802259887,108,432,0.7268367105127859,2.0294298723397746,0.731332618792426,0.050157519482672885,0.04114354996969544,0.731332618792426,0.0
uniform bias=0.30 frac=0.50,interv. sweep (30 seeds); reverse discr. (seeds 42-56),60,0.5,True,0.0,True,0.6704331450094161,1.0,target not reachable; largest admissible DI,0.0,4.0,0.0,0.0,0.7416666666666666,216,432,0.7208628132057271,2.0515009876258454,0.7631296891747053,0.0378875808323661,0.023856164287664725,0.7631296891747053,0.0
uniform bias=0.30 frac=1.00,bias sens.; interv. sweep; ablation; reverse discr.; binarization,60,1.0,True,0.0,True,0.6704331450094161,1.0,target not reachable; largest admissible DI,0.0,4.0,0.0,0.0,0.8045197740112994,432,432,0.7129412393315098,2.080406895180343,0.826723829939264,0.017327143094014286,0.016762350091882344,0.826723829939264,0.0
uniform bias=0.30 frac=0.10,interv. sweep (30 seeds); reverse discr. (seeds 42-56),61,0.1,True,0.0,True,0.7349078202193035,1.0,target not reachable; largest admissible DI,0.0,4.0,0.0,0.0,0.7435032333212837,43,430,0.7172091904772608,2.0440861363733065,0.7469384498783358,0.10994177354630574,0.06592706207195766,0.7469384498783358,0.0
uniform bias=0.30 frac=0.25,interv. sweep (30 seeds); reverse discr. (seeds 42-56),61,0.25,True,0.0,True,0.7349078202193035,1.0,target not reachable; largest admissible DI,0.0,4.0,0.0,0.0,0.7478009398722737,107,430,0.7179128727034216,2.0415413524699266,0.7512066695919263,0.10994177354630574,0.0639350301994477,0.7512066695919263,0.0
uniform bias=0.30 frac=0.50,interv. sweep (30 seeds); reverse discr. (seeds 42-56),61,0.5,True,0.0,True,0.7349078202193035,1.0,target not reachable; largest admissible DI,0.0,4.0,0.0,0.0,0.7950757119331645,215,430,0.716184014603974,2.0477879045254372,0.7981570864414217,0.08759540483122197,0.03881762273433609,0.7981570864414217,0.0
uniform bias=0.30 frac=1.00,bias sens.; interv. sweep; ablation; reverse discr.; binarization,61,1.0,True,0.0,True,0.7349078202193035,1.0,target not reachable; largest admissible DI,0.0,4.0,0.0,0.0,0.8380527774430653,430,430,0.7182019042260557,2.040495184504397,0.8408392835773266,0.054075851758596194,0.014089718707983354,0.8408392835773266,0.0
uniform bias=0.30 frac=0.10,interv. sweep (30 seeds); reverse discr. (seeds 42-56),62,0.1,True,0.0,True,0.5894909688013136,1.0,target not reachable; largest admissible DI,0.0,4.0,0.0,0.0,0.6062141168524147,42,423,0.7248670533343977,2.062489016381313,0.5818405595769054,0.13283976731887892,0.09873155868900257,0.5818405595769054,0.0
uniform bias=0.30 frac=0.25,interv. sweep (30 seeds); reverse discr. (seeds 42-56),62,0.25,True,0.0,True,0.5894909688013136,1.0,target not reachable; largest admissible DI,0.0,4.0,0.0,0.0,0.639660412954617,105,423,0.7227160040255982,2.070535813299357,0.6343374521703103,0.0941300898995241,0.06818269012857889,0.6343374521703103,0.0
uniform bias=0.30 frac=0.50,interv. sweep (30 seeds); reverse discr. (seeds 42-56),62,0.5,True,0.0,True,0.5894909688013136,1.0,target not reachable; largest admissible DI,0.0,4.0,0.0,0.0,0.7065530051590213,211,423,0.7208918858298428,2.0773351793801424,0.6955838268626161,0.06187202538339509,0.035262613094394976,0.6955838268626161,0.0
uniform bias=0.30 frac=1.00,bias sens.; interv. sweep; ablation; reverse discr.; binarization,62,1.0,True,0.0,True,0.5894909688013136,1.0,target not reachable; largest admissible DI,0.0,4.0,0.0,0.0,0.8403381895678301,423,423,0.717531947898242,2.089801382849641,0.8180765762472278,0.015547329455314562,0.03329781059361657,0.8180765762472278,0.0
uniform bias=0.30 frac=0.10,interv. sweep (30 seeds); reverse discr. (seeds 42-56),63,0.1,True,0.0,True,0.712427637019773,1.0,target not reachable; largest admissible DI,0.0,4.0,0.0,0.0,0.7201714156830313,47,470,0.7106474517694793,2.164446783543007,0.7543299434243865,0.08068813494345406,0.045494282064001704,0.7543299434243865,0.0
uniform bias=0.30 frac=0.25,interv. sweep (30 seeds); reverse discr. (seeds 42-56),63,0.25,True,0.0,True,0.712427637019773,1.0,target not reachable; largest admissible DI,0.0,4.0,0.0,0.0,0.731787083677919,117,470,0.7083829409142584,2.1728998986694084,0.7722050605671446,0.06987732413264325,0.03482571876385947,0.7722050605671446,0.0
uniform bias=0.30 frac=0.50,interv. sweep (30 seeds); reverse discr. (seeds 42-56),63,0.5,True,0.0,True,0.712427637019773,1.0,target not reachable; largest admissible DI,0.0,4.0,0.0,0.0,0.7743778663258402,235,470,0.7026031683464673,2.194327396865166,0.8008052479955573,0.0644719187272379,0.019842314306770817,0.8008052479955573,0.0
uniform bias=0.30 frac=1.00,bias sens.; interv. sweep; ablation; reverse discr.; binarization,63,1.0,True,0.0,True,0.712427637019773,1.0,target not reachable; largest admissible DI,0.0,4.0,0.0,0.0,0.8208405383053905,470,470,0.6901692125868799,2.239729355000937,0.8222553885668669,0.048255702511021625,0.00647104830392585,0.8222553885668669,0.0
uniform bias=0.30 frac=0.10,interv. sweep (30 seeds); reverse discr. (seeds 42-56),64,0.1,True,0.0,True,0.603915933177654,1.0,target not reachable; largest admissible DI,0.0,4.0,0.0,0.0,0.6333752469911982,47,475,0.6751038270006187,2.2200446267098255,0.5745614035087719,0.14488217967599415,0.07511386430289071,0.5745614035087719,0.0
uniform bias=0.30 frac=0.25,interv. sweep (30 seeds); reverse discr. (seeds 42-56),64,0.25,True,0.0,True,0.603915933177654,1.0,target not reachable; largest admissible DI,0.0,4.0,0.0,0.0,0.6665169750314353,118,475,0.6747847964000984,2.221134341587596,0.6359649122807018,0.09131075110456555,0.040184827541606384,0.6359649122807018,0.0
uniform bias=0.30 frac=0.50,interv. sweep (30 seeds); reverse discr. (seeds 42-56),64,0.5,True,0.0,True,0.603915933177654,1.0,target not reachable; largest admissible DI,0.0,4.0,0.0,0.0,0.7291180168852165,237,475,0.6768524866904302,2.2140621920898096,0.7192982456140351,0.043691703485517874,0.0015400057141715245,0.7192982456140351,0.0
uniform bias=0.30 frac=1.00,bias sens.; interv. sweep; ablation; reverse discr.; binarization,64,1.0,True,0.0,True,0.603915933177654,1.0,target not reachable; largest admissible DI,0.0,4.0,0.0,0.0,0.8395904436860069,475,475,0.6791370523712866,2.206221899332573,0.8508771929824562,0.039641629847815385,0.06926530430266226,0.8508771929824562,0.0
uniform bias=0.30 frac=0.10,interv. sweep (30 seeds); reverse discr. (seeds 42-56),65,0.1,True,0.0,True,0.6304386625177505,1.0,target not reachable; largest admissible DI,0.0,4.0,0.0,0.0,0.6470291536366387,43,431,0.7530050967746942,2.014234190540488,0.6574706293963836,0.07748319641523527,0.05359747403910323,0.6574706293963836,0.0
uniform bias=0.30 frac=0.25,interv. sweep (30 seeds); reverse discr. (seeds 42-56),65,0.25,True,0.0,True,0.6304386625177505,1.0,target not reachable; largest admissible DI,0.0,4.0,0.0,0.0,0.667767267535249,107,431,0.7472277102513407,2.037655209048744,0.6771553787795087,0.07107294000497888,0.043119618561247755,0.6771553787795087,0.0
uniform bias=0.30 frac=0.50,interv. sweep (30 seeds); reverse discr. (seeds 42-56),65,0.5,True,0.0,True,0.6304386625177505,1.0,target not reachable; largest admissible DI,0.0,4.0,0.0,0.0,0.7216863636716355,215,431,0.7359664236677735,2.082550526220779,0.7283357271756344,0.04543191436395322,0.013935469377098567,0.7283357271756344,0.0
uniform bias=0.30 frac=1.00,bias sens.; interv. sweep; ablation; reverse discr.; binarization,65,1.0,True,0.0,True,0.6304386625177505,1.0,target met; minimum deviation (practicality),1.0,4.0,0.0,0.0,0.8627055381821849,431,431,0.7232632309728315,2.1320598944994913,0.8621920229808862,0.03790141896938015,0.06591301547138631,0.8621920229808862,0.0
uniform bias=0.30 frac=0.10,interv. sweep (30 seeds); reverse discr. (seeds 42-56),66,0.1,True,0.0,True,0.5629370629370629,1.0,target not reachable; largest admissible DI,0.0,4.0,0.0,0.0,0.5874125874125875,42,429,0.7022079260194485,2.119472329075355,0.6106831629908553,0.11108447548074418,0.10240613542140044,0.6106831629908553,0.0
uniform bias=0.30 frac=0.25,interv. sweep (30 seeds); reverse discr. (seeds 42-56),66,0.25,True,0.0,True,0.5629370629370629,1.0,target not reachable; largest admissible DI,0.0,4.0,0.0,0.0,0.6486013986013986,107,429,0.6905978980930219,2.160393259703596,0.6644540075309306,0.08527802386784089,0.07125473443246705,0.6644540075309306,0.0
uniform bias=0.30 frac=0.50,interv. sweep (30 seeds); reverse discr. (seeds 42-56),66,0.5,True,0.0,True,0.5629370629370629,1.0,target not reachable; largest admissible DI,0.0,4.0,0.0,0.0,0.7342657342657343,214,429,0.6815876857278804,2.1916243217775633,0.7335879505110275,0.05301995935171189,0.03140307443717627,0.7335879505110275,0.0
uniform bias=0.30 frac=1.00,bias sens.; interv. sweep; ablation; reverse discr.; binarization,66,1.0,True,0.0,True,0.5629370629370629,1.0,target met; minimum deviation (practicality),1.0,4.0,0.0,0.0,0.9178321678321679,429,429,0.6486161574659961,2.302300870138487,0.9217859064012912,0.07601229871280424,0.08603276262427886,0.9217859064012912,0.0
uniform bias=0.30 frac=0.10,interv. sweep (30 seeds); reverse discr. (seeds 42-56),67,0.1,True,0.0,True,0.55269917235626,1.0,target not reachable; largest admissible DI,0.0,4.0,0.0,0.0,0.5987574367192817,45,451,0.7258537713993063,2.0478974437432087,0.6676316005584298,0.08782000707348259,0.07564298047378938,0.6676316005584298,0.0
uniform bias=0.30 frac=0.25,interv. sweep (30 seeds); reverse discr. (seeds 42-56),67,0.25,True,0.0,True,0.55269917235626,1.0,target not reachable; largest admissible DI,0.0,4.0,0.0,0.0,0.6486538897792218,112,451,0.7192203417124501,2.072525518511712,0.6927575210095536,0.07652057204523399,0.060869175368424205,0.6927575210095536,0.0
uniform bias=0.30 frac=0.50,interv. sweep (30 seeds); reverse discr. (seeds 42-56),67,0.5,True,0.0,True,0.55269917235626,1.0,target not reachable; largest admissible DI,0.0,4.0,0.0,0.0,0.7254176637175913,225,451,0.7056582036691026,2.121988539577765,0.7753141167775315,0.031322831932239614,0.010898042538204394,0.7753141167775315,0.0
uniform bias=0.30 frac=1.00,bias sens.; interv. sweep; ablation; reverse discr.; binarization,67,1.0,True,0.0,True,0.55269917235626,1.0,target met; minimum deviation (practicality),1.0,4.0,0.0,0.0,0.9134889098665965,451,451,0.67166676550824,2.241168390609827,0.9511955599353973,0.047773213265500436,0.09251859319935177,0.9511955599353972,1.1102230246251565e-16
uniform bias=0.30 frac=0.10,interv. sweep (30 seeds); reverse discr. (seeds 42-56),68,0.1,True,0.0,True,0.6704331450094161,1.0,target not reachable; largest admissible DI,0.0,4.0,0.0,0.0,0.6913841807909604,43,432,0.7360709566930084,2.0650744318560244,0.6812536106296938,0.07055749128919853,0.05535026305753458,0.6812536106296938,0.0
uniform bias=0.30 frac=0.25,interv. sweep (30 seeds); reverse discr. (seeds 42-56),68,0.25,True,0.0,True,0.6704331450094161,1.0,target not reachable; largest admissible DI,0.0,4.0,0.0,0.0,0.7123352165725048,108,432,0.7366486161566645,2.0628132876917333,0.7069612940496821,0.06445993031358876,0.04297312436077448,0.7069612940496821,0.0
uniform bias=0.30 frac=0.50,interv. sweep (30 seeds); reverse discr. (seeds 42-56),68,0.5,True,0.0,True,0.6704331450094161,1.0,target not reachable; largest admissible DI,0.0,4.0,0.0,0.0,0.7793785310734463,216,432,0.7354593482658458,2.067465767898374,0.7755151165029847,0.04616724738675948,0.009573051554076256,0.7755151165029847,0.0
uniform bias=0.30 frac=1.00,bias sens.; interv. sweep; ablation; reverse discr.; binarization,68,1.0,True,0.0,True,0.6704331450094161,1.0,target met; minimum deviation (practicality),1.0,4.0,0.0,0.0,0.8506120527306967,432,432,0.7292465232687165,2.0916024357447047,0.8569227806662815,0.0034843205574912606,0.0341564715620504,0.8569227806662815,0.0
uniform bias=0.30 frac=0.10,interv. sweep (30 seeds); reverse discr. (seeds 42-56),69,0.1,True,0.0,True,0.6297468712197438,1.0,target not reachable; largest admissible DI,0.0,4.0,0.0,0.0,0.6614322483880328,44,449,0.7147998101689497,2.113994428298839,0.7051808083859681,0.10241693585602218,0.06832902852683256,0.7051808083859681,0.0
uniform bias=0.30 frac=0.25,interv. sweep (30 seeds); reverse discr. (seeds 42-56),69,0.25,True,0.0,True,0.6297468712197438,1.0,target not reachable; largest admissible DI,0.0,4.0,0.0,0.0,0.6851962812642496,112,449,0.7077499172146218,2.139962951630262,0.7236410389719883,0.09105329949238583,0.057152704850508884,0.7236410389719883,0.0
uniform bias=0.30 frac=0.50,interv. sweep (30 seeds); reverse discr. (seeds 42-56),69,0.5,True,0.0,True,0.6297468712197438,1.0,target not reachable; largest admissible DI,0.0,4.0,0.0,0.0,0.7723310684770444,224,449,0.6960531164200052,2.1823669731637967,0.7827137768472525,0.06832602676511312,0.02381104650885056,0.7827137768472525,0.0
uniform bias=0.30 frac=1.00,bias sens.; interv. sweep; ablation; reverse discr.; binarization,69,1.0,True,0.0,True,0.6297468712197438,1.0,target met; minimum deviation (practicality),1.0,4.0,0.0,0.0,0.9030332492962364,449,449,0.6807548100615028,2.236614388454556,0.9045512987149852,0.0001442085832948914,0.04874140104359702,0.9045512987149852,0.0
uniform bias=0.30 frac=0.10,interv. sweep (30 seeds); reverse discr. (seeds 42-56),70,0.1,False,1.650227240289821,True,0.569954128440367,0.3,target not reachable; largest admissible DI,0.0,4.0,0.0,0.0,0.5739678899082569,43,436,0.7112820154315695,2.1346570505928506,0.5301335792993264,0.21567937949604143,0.1433145412080023,0.534514848549734,0.0
uniform bias=0.30 frac=0.25,interv. sweep (30 seeds); reverse discr. (seeds 42-56),70,0.25,True,0.0,True,0.569954128440367,1.0,target not reachable; largest admissible DI,0.0,4.0,0.0,0.0,0.6181192660550459,109,436,0.7087107880380679,2.144141258325181,0.5870900795546258,0.19172728368765823,0.11460986876849472,0.5870900795546258,0.0
uniform bias=0.30 frac=0.50,interv. sweep (30 seeds); reverse discr. (seeds 42-56),70,0.5,True,0.0,True,0.569954128440367,1.0,target not reachable; largest admissible DI,0.0,4.0,0.0,0.0,0.6943807339449541,218,436,0.7089543696853833,2.1432445847310637,0.6703341953123713,0.12585902021460427,0.0668058485561313,0.6703341953123713,0.0
uniform bias=0.30 frac=1.00,bias sens.; interv. sweep; ablation; reverse discr.; binarization,70,1.0,True,0.0,True,0.569954128440367,1.0,target met; minimum deviation (practicality),1.0,4.0,0.0,0.0,0.8549311926605505,436,436,0.7090466929652695,2.1429046259009854,0.8412036960782698,0.006098541172688154,0.02839037609493829,0.8412036960782698,0.0
uniform bias=0.30 frac=0.10,interv. sweep (30 seeds); reverse discr. (seeds 42-56),71,0.1,True,0.0,True,0.5867495371594815,1.0,target not reachable; largest admissible DI,0.0,4.0,0.0,0.0,0.6250991801110817,45,456,0.7399204313112997,2.058861036373055,0.6135460053010223,0.16108119522753672,0.08766935391997585,0.6135460053010223,0.0
uniform bias=0.30 frac=0.25,interv. sweep (30 seeds); reverse discr. (seeds 42-56),71,0.25,True,0.0,True,0.5867495371594815,1.0,target not reachable; largest admissible DI,0.0,4.0,0.0,0.0,0.6672837873578418,114,456,0.7362526333983461,2.073327855986984,0.6629591063990912,0.12471755886390035,0.05917825738764221,0.6629591063990912,0.0
uniform bias=0.30 frac=0.50,interv. sweep (30 seeds); reverse discr. (seeds 42-56),71,0.5,True,0.0,True,0.5867495371594815,1.0,target not reachable; largest admissible DI,0.0,4.0,0.0,0.0,0.732478180375562,228,456,0.7327167447135092,2.0871794619058,0.7288432411965163,0.08229331643965787,0.022502218649747774,0.7288432411965163,0.0
uniform bias=0.30 frac=1.00,bias sens.; interv. sweep; ablation; reverse discr.; binarization,71,1.0,True,0.0,True,0.5867495371594815,1.0,target not reachable; largest admissible DI,0.0,4.0,0.0,0.0,0.8475271092303622,456,456,0.7236770796730372,2.122180754197695,0.8482582355168496,0.03380846795480941,0.03782267981948058,0.8482582355168496,0.0
uniform bias=0.40 frac=1.00,bias sensitivity,42,1.0,True,0.0,True,0.5605008146814167,1.0,target met; minimum deviation (practicality),1.0,4.0,0.0,0.0,0.907126318497556,468,468,0.6641023663670415,2.2377901911481786,0.906267332224071,0.04670745345700944,0.06884406216616236,0.906267332224071,0.0
uniform bias=0.40 frac=1.00,bias sensitivity,43,1.0,True,0.0,True,0.5540894055246071,1.0,target met; minimum deviation (practicality),1.0,4.0,0.0,0.0,0.8535971922946649,461,461,0.6794639700745062,2.266056485881106,0.8646184057965968,0.061604526212959865,0.060707848364129804,0.8646184057965968,0.0
uniform bias=0.40 frac=1.00,bias sensitivity,44,1.0,True,0.0,True,0.5002912692055633,1.0,target met; minimum deviation (practicality),1.0,4.0,0.0,0.0,0.8658887351634749,443,443,0.6765550370742384,2.2365134903914434,0.8575894821107897,0.028229600752789352,0.025181088919494637,0.8575894821107897,0.0
uniform bias=0.40 frac=1.00,bias sensitivity,45,1.0,True,0.0,True,0.5356844741235391,1.0,target not reachable; largest admissible DI,0.0,4.0,0.0,0.0,0.8443238731218697,480,480,0.6903969189996821,2.2064001193350147,0.827922077922078,0.04869966442953022,0.06040525674306699,0.827922077922078,0.0
uniform bias=0.40 frac=1.00,bias sensitivity,46,1.0,True,0.0,True,0.5803208461028204,1.0,target met; minimum deviation (practicality),1.0,4.0,0.0,0.0,0.9152711331151866,449,449,0.7059119485822609,2.1658139809021537,0.8808424450773302,0.018622740791580883,0.05536942400737882,0.8808424450773302,0.0
uniform bias=0.40 frac=1.00,bias sensitivity,47,1.0,True,0.0,True,0.48178937315506165,1.0,target met; minimum deviation (practicality),1.0,4.0,0.0,0.0,0.8565144411645541,443,443,0.6932931979566271,2.1574825894677123,0.8468962539924122,0.030529801324503336,0.061441574023361936,0.8468962539924122,0.0
uniform bias=0.40 frac=1.00,bias sensitivity,48,1.0,True,0.0,True,0.509531872474752,1.0,target met; minimum deviation (practicality),1.0,4.0,0.0,0.0,0.8834329587511887,463,463,0.6637980876227099,2.3043258292984117,0.878472088521411,0.016548463356973908,0.0883660679626496,0.878472088521411,0.0
uniform bias=0.40 frac=1.00,bias sensitivity,49,1.0,False,1.0721815605309821,True,0.5036728211236847,0.7,target not reachable; largest admissible DI,0.0,3.0,1.0,0.0,0.7886969757130566,438,438,0.708811122945874,2.150502684678439,0.8217923245843355,0.002147525676937434,0.0494655757039658,0.8995294363693401,0.0
uniform bias=0.40 frac=1.00,bias sensitivity,50,1.0,True,0.0,True,0.5198429541595925,1.0,target not reachable; largest admissible DI,0.0,4.0,0.0,0.0,0.8090513582342954,465,465,0.704899792355646,2.207895071571158,0.7940926356369409,0.007871097369473445,0.051247394181099235,0.7940926356369409,0.0
uniform bias=0.40 frac=1.00,bias sensitivity,51,1.0,True,0.0,True,0.5934377846876624,1.0,target met; minimum deviation (practicality),1.0,4.0,0.0,0.0,0.8881652750694544,442,442,0.6999027549703685,2.167917550456802,0.8862495792977075,0.005060304720746145,0.06401958022106959,0.8862495792977075,0.0
uniform bias=0.40 frac=1.00,bias sensitivity,52,1.0,True,0.0,True,0.6146030411323663,1.0,target not reachable; largest admissible DI,0.0,4.0,0.0,0.0,0.8361946137855325,426,426,0.710307437034297,2.0741953482795354,0.8568242193373766,0.056441979522184216,0.04348199062390487,0.8568242193373766,0.0
uniform bias=0.40 frac=1.00,bias sensitivity,53,1.0,False,1.1405734026953596,True,0.4595899569157629,0.7,target not reachable; largest admissible DI,0.0,3.0,1.0,0.0,0.82326548804041,424,424,0.7130341563854385,2.1552928857353804,0.8287293632075471,0.016054479376168773,0.045775915533563596,0.908033608490566,0.0
uniform bias=0.40 frac=1.00,bias sensitivity,54,1.0,True,0.0,True,0.5156264753092249,1.0,target met; minimum deviation (practicality),1.0,4.0,0.0,0.0,0.8607308091776037,425,425,0.6959362788843392,2.2025843984753894,0.8445663010967098,0.04566815820835113,0.07409987216227523,0.8445663010967098,0.0
uniform bias=0.40 frac=1.00,bias sensitivity,55,1.0,True,0.0,True,0.5972621388594765,1.0,target not reachable; largest admissible DI,0.0,4.0,0.0,0.0,0.8257449705037059,440,440,0.6779891128058028,2.2510159517823074,0.847067448680352,0.03025697706548769,0.0563584167337188,0.847067448680352,0.0
uniform bias=0.40 frac=1.00,bias sensitivity,56,1.0,False,1.0734818752818391,True,0.5201842492482887,0.7,target not reachable; largest admissible DI,0.0,3.0,1.0,0.0,0.837459748789798,462,462,0.619988642052534,2.4370614638697723,0.882058682058682,0.008818380038882467,0.057402374768013714,0.971928811928812,1.1102230246251565e-16
uniform bias=0.40 frac=1.00,bias sensitivity,57,1.0,False,0.9833562146290156,True,0.5057483614483722,0.7,target not reachable; largest admissible DI,0.0,3.0,1.0,0.0,0.8054510941585187,454,454,0.6841882074275772,2.273736708609558,0.8518297648590244,0.027950773820622832,0.039709268252934166,0.9356712771482985,0.0
uniform bias=0.40 frac=1.00,bias sensitivity,58,1.0,True,0.0,True,0.5445490294821189,1.0,target met; minimum deviation (practicality),1.0,4.0,0.0,0.0,0.8853818752730854,442,442,0.7311011571601054,2.0902225575938607,0.866741698631815,0.04773220677110834,0.05044239088755963,0.866741698631815,0.0
uniform bias=0.40 frac=1.00,bias sensitivity,59,1.0,True,0.0,True,0.5224906026870021,1.0,target met; minimum deviation (practicality),1.0,4.0,0.0,0.0,0.8683117210122119,455,455,0.6366037942074929,2.3196799823588985,0.905742145178765,0.010789618294796521,0.053097249891076115,0.905742145178765,0.0
uniform bias=0.40 frac=1.00,bias sensitivity,60,1.0,True,0.0,True,0.5874587458745874,1.0,target not reachable; largest admissible DI,0.0,4.0,0.0,0.0,0.8036762009534286,432,432,0.7033437967644468,2.126647755624282,0.8121883903133903,0.03189841716187569,0.03854626574434028,0.8121883903133903,0.0
uniform bias=0.40 frac=1.00,bias sensitivity,61,1.0,True,0.0,True,0.6272857863881662,1.0,target not reachable; largest admissible DI,0.0,4.0,0.0,0.0,0.8391505221881429,430,430,0.6994783005201386,2.1110505578821113,0.8629032258064517,0.025753620963201884,0.0202030374271443,0.8629032258064517,0.0
uniform bias=0.40 frac=1.00,bias sensitivity,62,1.0,True,0.0,True,0.47537929796211514,1.0,target met; minimum deviation (practicality),1.0,4.0,0.0,0.0,0.850042642966155,423,423,0.6944239796673705,2.189067947236772,0.8431345192419486,0.03485582263295872,0.0709171427778034,0.8431345192419486,0.0
uniform bias=0.40 frac=1.00,bias sensitivity,63,1.0,True,0.0,True,0.6085396353619197,1.0,target not reachable; largest admissible DI,0.0,4.0,0.0,0.0,0.8176084671427019,470,470,0.6540913038367011,2.375467438314034,0.8388476025654076,0.009470657872484356,0.04309943120168973,0.8388476025654076,0.0
uniform bias=0.40 frac=1.00,bias sensitivity,64,1.0,True,0.0,True,0.4996110967072855,1.0,target met; minimum deviation (practicality),1.0,4.0,0.0,0.0,0.8504018667358051,475,475,0.6672120808423392,2.268051650068512,0.8440320454314978,0.033333333333333326,0.08666666666666666,0.8440320454314978,0.0
uniform bias=0.40 frac=1.00,bias sensitivity,65,1.0,True,0.0,True,0.5056105290991497,1.0,target met; minimum deviation (practicality),1.0,4.0,0.0,0.0,0.8838231296063878,431,431,0.6937902160484339,2.2563024572525925,0.8785108304847594,0.06000913554870391,0.0970194209587374,0.8785108304847594,0.0
uniform bias=0.40 frac=1.00,bias sensitivity,66,1.0,True,0.0,True,0.4614390348987505,1.0,target met; minimum deviation (practicality),1.0,4.0,0.0,0.0,0.8716070659198621,429,429,0.656821880457737,2.294038446719917,0.8716070659198621,0.06594110115236873,0.09333459367553981,0.8716070659198621,0.0
uniform bias=0.40 frac=1.00,bias sensitivity,67,1.0,True,0.0,True,0.4607297946345714,1.0,target met; minimum deviation (practicality),1.0,4.0,0.0,0.0,0.906597337829318,451,451,0.6831015338197406,2.2151577628721086,0.9157253347766119,0.06758112435852914,0.10413038596188498,0.915725334776612,1.1102230246251565e-16
uniform bias=0.40 frac=1.00,bias sensitivity,68,1.0,True,0.0,True,0.5426829268292682,1.0,target met; minimum deviation (practicality),1.0,4.0,0.0,0.0,0.8602529358626919,432,432,0.6960158288097207,2.227133129251544,0.8658654692727592,0.015473887814313358,0.07217857845774613,0.8658654692727592,0.0
uniform bias=0.40 frac=1.00,bias sensitivity,69,1.0,True,0.0,True,0.5231382408615121,1.0,target met; minimum deviation (practicality),1.0,4.0,0.0,0.0,0.8935353895006848,449,449,0.6531000232677597,2.343460016847813,0.912313768346498,0.029553300554451267,0.08248426126762522,0.912313768346498,0.0
uniform bias=0.40 frac=1.00,bias sensitivity,70,1.0,False,0.957620881241354,True,0.5116898490677715,0.7,target not reachable; largest admissible DI,0.0,3.0,1.0,0.0,0.7399822432672388,436,436,0.695608141849547,2.2052415630804147,0.7601143029026922,0.02213050825425711,0.0057834173436184105,0.840126334787186,0.0
uniform bias=0.40 frac=1.00,bias sensitivity,71,1.0,True,0.0,True,0.48901379662749106,1.0,target not reachable; largest admissible DI,0.0,4.0,0.0,0.0,0.8298415942769545,456,456,0.7006929215770497,2.2200949016485647,0.8521711654780174,0.0028369722958744292,0.06812223517452527,0.8521711654780174,0.0
structure=uniform bias=0.30 frac=1.00,bias-structure robustness,42,1.0,True,0.0,True,0.6862112246727631,1.0,target met; minimum deviation (practicality),1.0,4.0,0.0,0.0,0.8635467097005559,468,468,0.7074845905950171,2.077424511415038,0.8652065527065528,0.010173832378801317,0.010525735719155258,,
structure=uniform bias=0.30 frac=1.00,bias-structure robustness,43,1.0,True,0.0,True,0.6356860782023471,1.0,target met; minimum deviation (practicality),1.0,4.0,0.0,0.0,0.889960509483286,461,461,0.7214118420879734,2.105039094560898,0.8578182625390902,0.04157890777794504,0.034399797123347634,,
structure=uniform bias=0.30 frac=1.00,bias-structure robustness,44,1.0,True,0.0,True,0.6165179450664324,1.0,target met; minimum deviation (practicality),1.0,4.0,0.0,0.0,0.8527163785659098,443,443,0.704185528480182,2.130366951357846,0.8481810068770014,0.038007087611256374,0.001466974656692016,,
structure=uniform bias=0.30 frac=1.00,bias-structure robustness,45,1.0,True,0.0,True,0.6419270833333334,1.0,target not reachable; largest admissible DI,0.0,4.0,0.0,0.0,0.8485243055555556,480,480,0.7090370524364495,2.126136145054005,0.8199356913183279,0.003072548402179409,0.01325224990420458,,
structure=uniform bias=0.30 frac=1.00,bias-structure robustness,46,1.0,True,0.0,True,0.6913117232306681,1.0,target met; minimum deviation (practicality),1.0,4.0,0.0,0.0,0.8813213781537171,449,449,0.7147899819861988,2.1217458476444775,0.868608522229034,0.03790781142880195,0.0035231721171173763,,
structure=uniform bias=0.30 frac=1.00,bias-structure robustness,47,1.0,True,0.0,True,0.5718523216984124,1.0,target met; minimum deviation (practicality),1.0,4.0,0.0,0.0,0.8794694326810065,443,443,0.7064236452615713,2.0986233466164435,0.8819554641694418,0.013533834586466176,0.03705999177521928,,
structure=uniform bias=0.30 frac=1.00,bias-structure robustness,48,1.0,True,0.0,True,0.6122211751073496,1.0,target met; minimum deviation (practicality),1.0,4.0,0.0,0.0,0.8707990627303297,463,463,0.6769339494993629,2.2432880909768995,0.888842026496148,0.020205409802725338,0.06677682868958043,,
structure=uniform bias=0.30 frac=1.00,bias-structure robustness,49,1.0,True,0.0,True,0.5960952077549719,1.0,target met; minimum deviation (practicality),1.0,4.0,0.0,0.0,0.910253492923133,438,438,0.7005013350845585,2.1638084352240283,0.9211414808283692,0.0030679493977728844,0.07167025289437516,,
structure=uniform bias=0.30 frac=1.00,bias-structure robustness,50,1.0,True,0.0,True,0.6180689124580975,1.0,target not reachable; largest admissible DI,0.0,4.0,0.0,0.0,0.8304116063087321,465,465,0.7371341316575082,2.0719230187989766,0.8420901850684696,0.025577880512090978,0.04364374119281364,,
structure=uniform bias=0.30 frac=1.00,bias-structure robustness,51,1.0,True,0.0,True,0.6962640477877897,1.0,target met; minimum deviation (practicality),1.0,4.0,0.0,0.0,0.8940195169819549,442,442,0.7188784490829665,2.0891369300703833,0.8946422934111032,0.0023529411764705577,0.035948997576558714,,
structure=uniform bias=0.30 frac=1.00,bias-structure robustness,52,1.0,True,0.0,True,0.7000743815533748,1.0,target not reachable; largest admissible DI,0.0,4.0,0.0,0.0,0.8375122969503563,426,426,0.7105690419225998,2.0684919001108995,0.8387959334957111,0.0255313079446583,0.011393104952721306,,
structure=uniform bias=0.30 frac=1.00,bias-structure robustness,53,1.0,True,0.0,True,0.5824311784720074,1.0,target met; minimum deviation (practicality),1.0,4.0,0.0,0.0,0.9027683266316116,424,424,0.689845086608502,2.2239650387411993,0.8942871307340119,0.024137634962543175,0.046839706969142206,,
structure=uniform bias=0.30 frac=1.00,bias-structure robustness,54,1.0,True,0.0,True,0.6429274050757426,1.0,target not reachable; largest admissible DI,0.0,4.0,0.0,0.0,0.837497540822349,425,425,0.7150502988858465,2.1204427120042024,0.8076367389060888,0.023934599484007335,0.020349068100679962,,
structure=uniform bias=0.30 frac=1.00,bias-structure robustness,55,1.0,True,0.0,True,0.6900826446280991,1.0,target not reachable; largest admissible DI,0.0,4.0,0.0,0.0,0.8057851239669421,440,440,0.7022340891658541,2.1507097115172753,0.8401953418482344,0.005452635599694333,0.014725340282740612,,
structure=uniform bias=0.30 frac=1.00,bias-structure robustness,56,1.0,True,0.0,True,0.6535306345977603,1.0,target met; minimum deviation (practicality),1.0,4.0,0.0,0.0,0.9048885709815141,462,462,0.6319223101160182,2.3876401045055444,0.9061118791253724,0.008054417407158843,0.04858957875814712,,
structure=nonlinear bias=0.30 frac=1.00,bias-structure robustness,42,1.0,True,0.0,False,0.8746597908609081,,,,,,,0.8746597908609081,0,468,0.7357673013109968,1.9936308706309809,0.8663003663003663,0.03255641879393267,0.039947689760951005,,
structure=nonlinear bias=0.30 frac=1.00,bias-structure robustness,43,1.0,True,0.0,False,0.8251603190972346,,,,,,,0.8251603190972346,0,461,0.7419248557322722,2.0514233522346332,0.8232672898369374,0.003583916083916061,0.03725191908207378,,
structure=nonlinear bias=0.30 frac=1.00,bias-structure robustness,44,1.0,False,0.01818515251710906,True,0.7981652113139948,0.3,target not reachable; largest admissible DI,0.0,4.0,0.0,0.0,0.7981652113139948,443,443,0.7298806241657267,2.0615994285077277,0.796747511116279,0.07091132668397315,0.06697431266578707,,
structure=nonlinear bias=0.30 frac=1.00,bias-structure robustness,45,1.0,False,0.006961175032465405,True,0.7993119266055045,0.3,target not reachable; largest admissible DI,0.0,4.0,0.0,0.0,0.8032110091743119,480,480,0.7088267175602218,2.145956955766709,0.8157582938388626,0.04136363636363638,0.055643133462282404,,
structure=nonlinear bias=0.30 frac=1.00,bias-structure robustness,46,1.0,True,0.0,False,0.8804683189963425,,,,,,,0.8804683189963425,0,449,0.7303806865974298,2.0858023190740616,0.8546375312278356,0.10328316068601084,0.04166471510298229,,
structure=nonlinear bias=0.30 frac=1.00,bias-structure robustness,47,1.0,True,0.0,True,0.7589926487798878,1.0,target not reachable; largest admissible DI,0.0,4.0,0.0,0.0,0.8302792511514796,443,443,0.7579579869201825,1.921238801562084,0.824849216986456,0.04942726231386019,0.035367465061212605,,
structure=nonlinear bias=0.30 frac=1.00,bias-structure robustness,48,1.0,True,0.0,True,0.7760681838451129,1.0,target not reachable; largest admissible DI,0.0,4.0,0.0,0.0,0.8203000492456115,463,463,0.74080072507277,2.0267590749390925,0.8172548261543552,0.05504610876497462,0.03354685332585372,,
structure=nonlinear bias=0.30 frac=1.00,bias-structure robustness,49,1.0,False,0.04265874479591503,True,0.7939144138683477,0.5,target not reachable; largest admissible DI,0.0,4.0,0.0,0.0,0.8024972723966541,438,438,0.7470661018766971,2.004696714179605,0.7871237346085945,0.0820115611011244,0.05358213700043643,,
structure=nonlinear bias=0.30 frac=1.00,bias-structure robustness,50,1.0,False,0.09287435008991096,True,0.7766303086563007,0.7,target not reachable; largest admissible DI,0.0,4.0,0.0,0.0,0.7886400556973775,465,465,0.6960422979250931,2.2452957259985356,0.7774773034576009,0.05363673303535155,0.04440454354868218,,
structure=nonlinear bias=0.30 frac=1.00,bias-structure robustness,51,1.0,True,0.0,False,0.8704236939531058,,,,,,,0.8704236939531058,0,442,0.7363434278740761,2.0459045116956798,0.8808035335743524,0.05518364062042724,0.028072147093880895,,
structure=nonlinear bias=0.30 frac=1.00,bias-structure robustness,52,1.0,True,0.0,False,0.9043172075933864,,,,,,,0.9043172075933864,0,426,0.7151378369136309,2.0804652765043254,0.8939453453790471,0.02612015851436178,0.007475241494512029,,
structure=nonlinear bias=0.30 frac=1.00,bias-structure robustness,53,1.0,True,0.0,True,0.7551739896846641,1.0,target not reachable; largest admissible DI,0.0,4.0,0.0,0.0,0.8122510935561794,424,424,0.7187542970791321,2.128760137139224,0.8003238805408052,0.060601987422591264,0.035932809186757876,,
structure=nonlinear bias=0.30 frac=1.00,bias-structure robustness,54,1.0,True,0.0,False,0.8046107722526621,,,,,,,0.8046107722526621,0,425,0.719336478679548,2.1206795011745707,0.8071592273272946,0.06831010678659333,0.02996248313598296,,
structure=nonlinear bias=0.30 frac=1.00,bias-structure robustness,55,1.0,True,0.0,False,0.8760330578512396,,,,,,,0.8760330578512396,0,440,0.7123054095082056,2.1305981662090123,0.8536852757631977,0.027708703374777932,0.01586642412199661,,
structure=nonlinear bias=0.30 frac=1.00,bias-structure robustness,56,1.0,True,0.0,False,0.8338042213727771,,,,,,,0.8338042213727771,0,462,0.6865366521327774,2.227930857508419,0.8874323168994014,0.023694914960233904,0.012491540477141128,,
structure=interaction bias=0.30 frac=1.00,bias-structure robustness,42,1.0,True,0.0,False,0.8689352778572109,,,,,,,0.8689352778572109,0,468,0.7282897114730004,2.0095397981136713,0.8771780705482363,0.04943049065420557,0.03919889160208764,,
structure=interaction bias=0.30 frac=1.00,bias-structure robustness,43,1.0,True,0.0,False,0.8084268603225501,,,,,,,0.8084268603225501,0,461,0.7338296338140384,2.0666811695758467,0.7777478177230269,0.042339589698821456,0.051938289442194724,,
structure=interaction bias=0.30 frac=1.00,bias-structure robustness,44,1.0,True,0.0,True,0.7645296156169522,1.0,target not reachable; largest admissible DI,0.0,4.0,0.0,0.0,0.8191388738753059,443,443,0.726797948529315,2.0571624488586546,0.8119910652027466,0.06754805799333263,0.053915729401524615,,
structure=interaction bias=0.30 frac=1.00,bias-structure robustness,45,1.0,True,0.0,True,0.7727272727272728,1.0,target not reachable; largest admissible DI,0.0,4.0,0.0,0.0,0.7959090909090909,480,480,0.6967540487882558,2.17530896056318,0.8352987421383649,0.03570120054872494,0.040338481893553824,,
structure=interaction bias=0.30 frac=1.00,bias-structure robustness,46,1.0,True,0.0,False,0.8453914526736163,,,,,,,0.8453914526736163,0,449,0.7318686298645614,2.0620860348291115,0.8437110193529264,0.11176250933532483,0.05825274103161582,,
structure=interaction bias=0.30 frac=1.00,bias-structure robustness,47,1.0,True,0.0,True,0.7153878354217933,1.0,target met; minimum deviation (practicality),1.0,4.0,0.0,0.0,0.8642546682263282,443,443,0.751386055038215,1.9354354327681795,0.8614954353862442,0.0419274092615769,0.013613630098051374,,
structure=interaction bias=0.30 frac=1.00,bias-structure robustness,48,1.0,True,0.0,True,0.7545650893383075,1.0,target not reachable; largest admissible DI,0.0,4.0,0.0,0.0,0.8144512075397603,463,463,0.7381920652749782,2.02047185103722,0.8077114109616875,0.056733256682954925,0.024832932454939047,,
structure=interaction bias=0.30 frac=1.00,bias-structure robustness,49,1.0,True,0.0,True,0.7656813266041815,1.0,target not reachable; largest admissible DI,0.0,4.0,0.0,0.0,0.8294881038211968,438,438,0.7393571557219815,2.0133934975289716,0.8306330867728887,0.0656255641812602,0.021746375250036754,,
structure=interaction bias=0.30 frac=1.00,bias-structure robustness,50,1.0,True,0.0,True,0.7498706227358978,1.0,target not reachable; largest admissible DI,0.0,4.0,0.0,0.0,0.8093841642228738,465,465,0.7029652819129322,2.2063745350351573,0.8009363175784006,0.028366964842937437,0.0257833465519035,,
structure=interaction bias=0.30 frac=1.00,bias-structure robustness,51,1.0,True,0.0,False,0.8763692109883046,,,,,,,0.8763692109883046,0,442,0.7381281451039196,2.0250262546710243,0.8670929910425709,0.05429219600725954,0.02875171849036913,,
structure=interaction bias=0.30 frac=1.00,bias-structure robustness,52,1.0,True,0.0,False,0.8674844767529911,,,,,,,0.8674844767529911,0,426,0.7108024363261615,2.082055734222313,0.8736577883140427,0.022093090155917428,0.0191743658387582,,
structure=interaction bias=0.30 frac=1.00,bias-structure robustness,53,1.0,True,0.0,True,0.7723543888433142,1.0,target not reachable; largest admissible DI,0.0,4.0,0.0,0.0,0.8032485643970468,424,424,0.7338566338354806,2.0567579623145855,0.8256748217026271,0.03206917416508892,0.036236607284564654,,
structure=interaction bias=0.30 frac=1.00,bias-structure robustness,54,1.0,True,0.0,True,0.7698209718670077,1.0,target not reachable; largest admissible DI,0.0,4.0,0.0,0.0,0.8094117647058824,425,425,0.7184782205893208,2.113811560302516,0.8116769095697981,0.04124351746402244,0.015498807912339083,,
structure=interaction bias=0.30 frac=1.00,bias-structure robustness,55,1.0,True,0.0,False,0.8058880621158201,,,,,,,0.8058880621158201,0,440,0.7178446152097415,2.0946635719186593,0.8130146940093653,0.043246625547510464,0.0424681245276579,,
structure=interaction bias=0.30 frac=1.00,bias-structure robustness,56,1.0,True,0.0,False,0.8114408277747662,,,,,,,0.8114408277747662,0,462,0.6834662092571608,2.2247978415888503,0.8557383055815657,0.033637914556481574,0.02327501545843691,,
5-fold CV fold=0 frac=1.00,agricultural CV,42,1.0,True,0.0,True,0.6474720541482926,1.0,target met; minimum deviation (practicality),1.0,4.0,0.0,0.0,0.8962691860663864,597,597,0.6928298967738349,2.19228650265495,0.9135950586264656,0.026095147125155926,0.06834701560555903,,
5-fold CV fold=0 frac=1.00,agricultural CV,43,1.0,True,0.0,True,0.6551384372844615,1.0,target met; minimum deviation (practicality),1.0,4.0,0.0,0.0,0.9045718790028575,597,597,0.70182718045967,2.1599408801755104,0.9050196267532951,0.010036084799278311,0.06327779898322541,,
5-fold CV fold=0 frac=1.00,agricultural CV,44,1.0,True,0.0,True,0.6284761364914985,1.0,target met; minimum deviation (practicality),1.0,4.0,0.0,0.0,0.9084607660185167,597,597,0.7274544422463314,2.065034882307504,0.8470848867995893,0.00669293427790596,0.04441915483630729,,
5-fold CV fold=0 frac=1.00,agricultural CV,45,1.0,True,0.0,True,0.6322560348272666,1.0,target met; minimum deviation (practicality),1.0,4.0,0.0,0.0,0.9215429941586103,597,597,0.7169325318522142,2.1045188421284062,0.8915197075637346,0.0032967178752421056,0.058662675746842655,,
5-fold CV fold=0 frac=1.00,agricultural CV,46,1.0,True,0.0,True,0.6284761364914985,1.0,target met; minimum deviation (practicality),1.0,4.0,0.0,0.0,0.9144178857956874,597,597,0.7091156817309805,2.1333788861709935,0.9093134517905431,0.02949136352781978,0.06960442973288503,,
5-fold CV fold=0 frac=1.00,agricultural CV,47,1.0,True,0.0,True,0.6628441352059442,1.0,target met; minimum deviation (practicality),1.0,4.0,0.0,0.0,0.8858007988661255,597,597,0.6965195668320974,2.1790800559596484,0.887874534768606,0.012231685637719147,0.054534709123773895,,
5-fold CV fold=0 frac=1.00,agricultural CV,48,1.0,True,0.0,True,0.6705894511115991,1.0,target met; minimum deviation (practicality),1.0,4.0,0.0,0.0,0.8790159021327718,597,597,0.680560971142027,2.2356397695490213,0.8909187492749288,0.023720448937355698,0.05534523320591689,,
5-fold CV fold=0 frac=1.00,agricultural CV,49,1.0,True,0.0,True,0.6436535117199587,1.0,target met; minimum deviation (practicality),1.0,4.0,0.0,0.0,0.8921337046165008,597,597,0.7261763210671074,2.069871280494043,0.8688577037072585,0.005671416063042334,0.050139426723081304,,
5-fold CV fold=0 frac=1.00,agricultural CV,50,1.0,True,0.0,True,0.6551384372844615,1.0,target met; minimum deviation (practicality),1.0,4.0,0.0,0.0,0.898561434624101,597,597,0.5774398679052356,2.571296140847057,0.9574415286308083,0.011873490939000697,0.07260609462183487,,
5-fold CV fold=0 frac=1.00,agricultural CV,51,1.0,True,0.0,True,0.6436535117199587,1.0,target met; minimum deviation (practicality),1.0,4.0,0.0,0.0,0.913089865463197,597,597,0.7075599938968391,2.139076075321532,0.9057301016392246,0.03066544615139699,0.06821792801760351,,
5-fold CV fold=1 frac=1.00,agricultural CV,42,1.0,True,0.0,True,0.698014499649132,1.0,target not reachable; largest admissible DI,0.0,4.0,0.0,0.0,0.8443232157327929,597,597,0.7050550759120695,2.107829004111297,0.8491899272271722,0.022753456221198176,0.005757386900672443,,
5-fold CV fold=1 frac=1.00,agricultural CV,43,1.0,True,0.0,True,0.6822823796401363,1.0,target met; minimum deviation (practicality),1.0,4.0,0.0,0.0,0.8611919814124386,597,597,0.7140829372011395,2.0753194188250266,0.8930890750953305,0.0037853851217906076,0.03327707720939482,,
5-fold CV fold=1 frac=1.00,agricultural CV,44,1.0,True,0.0,True,0.6744770614117347,1.0,target not reachable; largest admissible DI,0.0,4.0,0.0,0.0,0.8317542237140227,597,597,0.7233815952794094,2.0412934833938277,0.8138676693621096,0.01456550362080311,0.004317435199796056,,
5-fold CV fold=1 frac=1.00,agricultural CV,45,1.0,True,0.0,True,0.6901280876135746,1.0,target not reachable; largest admissible DI,0.0,4.0,0.0,0.0,0.8238974085606992,597,597,0.7320199061360384,2.009167666229111,0.8137322082784689,0.009504608294930827,0.0012699796914280859,,
5-fold CV fold=1 frac=1.00,agricultural CV,46,1.0,True,0.0,True,0.678374691326046,1.0,target met; minimum deviation (practicality),1.0,4.0,0.0,0.0,0.860082197931237,597,597,0.7290543931968401,2.0202539740928254,0.8675403990030217,0.005102040816326481,0.023315637617768212,,
5-fold CV fold=1 frac=1.00,agricultural CV,47,1.0,True,0.0,True,0.6822823796401363,1.0,target met; minimum deviation (practicality),1.0,4.0,0.0,0.0,0.8520948830172368,597,597,0.7145354057614511,2.073676654701162,0.8895310905361156,0.0035796576695193982,0.03093379428416279,,
5-fold CV fold=1 frac=1.00,agricultural CV,48,1.0,True,0.0,True,0.6822823796401363,1.0,target not reachable; largest admissible DI,0.0,4.0,0.0,0.0,0.8399654184903009,597,597,0.7308359997744678,2.0136009152876966,0.8449399057141378,0.0018926925608953038,0.01301692750896219,,
5-fold CV fold=1 frac=1.00,agricultural CV,49,1.0,True,0.0,True,0.678374691326046,1.0,target not reachable; largest admissible DI,0.0,4.0,0.0,0.0,0.8328260719404583,597,597,0.7328331890692341,2.0061165750225456,0.838882988827298,0.00041145490454241873,0.011075060953096544,,
5-fold CV fold=1 frac=1.00,agricultural CV,50,1.0,True,0.0,True,0.6901280876135746,1.0,target not reachable; largest admissible DI,0.0,4.0,0.0,0.0,0.8360582559195288,597,597,0.7301925095068696,2.016006435877769,0.8358545303838781,0.007200460829493105,0.00830546830441875,,
5-fold CV fold=1 frac=1.00,agricultural CV,51,1.0,True,0.0,True,0.6901280876135746,1.0,target not reachable; largest admissible DI,0.0,4.0,0.0,0.0,0.8421386795989434,597,597,0.7249019975843892,2.035675882295422,0.8559315188463468,0.0108212639894667,0.01597518763300526,,
5-fold CV fold=2 frac=1.00,agricultural CV,42,1.0,True,0.0,True,0.6337682690014649,1.0,target met; minimum deviation (practicality),1.0,4.0,0.0,0.0,0.8729261063605083,596,596,0.699405823296694,2.144926301421302,0.8766728167777177,0.023188986901897857,0.03473246658892207,,
5-fold CV fold=2 frac=1.00,agricultural CV,43,1.0,True,0.0,True,0.6451930064549224,1.0,target met; minimum deviation (practicality),1.0,4.0,0.0,0.0,0.8732612319924763,596,596,0.7183321086545572,2.0763031576946958,0.8733634063153263,0.04988639401229622,0.04017518723813833,,
5-fold CV fold=2 frac=1.00,agricultural CV,44,1.0,True,0.0,True,0.6299793298798071,1.0,target met; minimum deviation (practicality),1.0,4.0,0.0,0.0,0.8658483680812514,596,596,0.7230892787580792,2.058694852281344,0.8675741087213994,0.03953933885770289,0.03802363768281969,,
5-fold CV fold=2 frac=1.00,agricultural CV,45,1.0,True,0.0,True,0.6490206820983426,1.0,target met; minimum deviation (practicality),1.0,4.0,0.0,0.0,0.8713703602246269,596,596,0.6728860438857021,2.237544235331725,0.8847338420520364,0.014156197095250733,0.031559173028699844,,
5-fold CV fold=2 frac=1.00,agricultural CV,46,1.0,True,0.0,True,0.6337682690014649,1.0,target met; minimum deviation (practicality),1.0,4.0,0.0,0.0,0.857978741525568,596,596,0.7264405647682173,2.0461993501867486,0.8602638884008574,0.03996257685110938,0.03735003079429705,,
5-fold CV fold=2 frac=1.00,agricultural CV,47,1.0,True,0.0,True,0.6337682690014649,1.0,target met; minimum deviation (practicality),1.0,4.0,0.0,0.0,0.8789050522944843,596,596,0.7243696350343594,2.0539299287758417,0.8654852965435808,0.040396952686447496,0.03829981944456684,,
5-fold CV fold=2 frac=1.00,agricultural CV,48,1.0,True,0.0,True,0.6490206820983426,1.0,target not reachable; largest admissible DI,0.0,4.0,0.0,0.0,0.8443278318038625,596,596,0.7037273513817413,2.129452088775966,0.8553451581975071,0.020605007573732514,0.022604091088453557,,
5-fold CV fold=2 frac=1.00,agricultural CV,49,1.0,True,0.0,True,0.6337682690014649,1.0,target met; minimum deviation (practicality),1.0,4.0,0.0,0.0,0.8729261063605083,596,596,0.7193917292365493,2.0723940031729464,0.8700718356885098,0.05290474917579968,0.03872343685896211,,
5-fold CV fold=2 frac=1.00,agricultural CV,50,1.0,True,0.0,True,0.6528581346910437,1.0,target met; minimum deviation (practicality),1.0,4.0,0.0,0.0,0.8604489701457995,596,596,0.6867366930689349,2.1896608691875565,0.863220557138917,0.013721821259912614,0.019345648114693775,,
5-fold CV fold=2 frac=1.00,agricultural CV,51,1.0,True,0.0,True,0.6261999830090902,1.0,target met; minimum deviation (practicality),1.0,4.0,0.0,0.0,0.8766799762127263,596,596,0.7203697152133753,2.0687794602071867,0.8913477235624886,0.0636527666399358,0.05633798283156741,,
5-fold CV fold=3 frac=1.00,agricultural CV,42,1.0,True,0.0,True,0.6451930064549224,1.0,target not reachable; largest admissible DI,0.0,4.0,0.0,0.0,0.8402513572436198,596,596,0.7298749907531961,2.0525026445813013,0.8391823351606127,0.008878245854103572,0.021208503710483245,,
5-fold CV fold=3 frac=1.00,agricultural CV,43,1.0,True,0.0,True,0.6299793298798071,1.0,target not reachable; largest admissible DI,0.0,4.0,0.0,0.0,0.8449485798861868,596,596,0.7144810342384293,2.110176629655225,0.8017314308273645,0.02561930516187194,0.007904102265630465,,
5-fold CV fold=3 frac=1.00,agricultural CV,44,1.0,True,0.0,True,0.6413750704441825,1.0,target met; minimum deviation (practicality),1.0,4.0,0.0,0.0,0.8571648137711972,596,596,0.73272583120251,2.0416430835313846,0.8371765074556706,0.007260070157147691,0.02216533908083229,,
5-fold CV fold=3 frac=1.00,agricultural CV,45,1.0,True,0.0,True,0.6037233145593741,1.0,target met; minimum deviation (practicality),1.0,4.0,0.0,0.0,0.8996661158139694,596,596,0.6949261329642158,2.1812418998510794,0.9010429240500217,0.01953214087902777,0.048395331612360565,,
5-fold CV fold=3 frac=1.00,agricultural CV,46,1.0,True,0.0,True,0.6261999830090902,1.0,target met; minimum deviation (practicality),1.0,4.0,0.0,0.0,0.8826437855747176,596,596,0.6925710208071898,2.1896450992974357,0.9019463885275599,0.015720196787541107,0.04739151488955752,,
5-fold CV fold=3 frac=1.00,agricultural CV,47,1.0,True,0.0,True,0.637566836939188,1.0,target met; minimum deviation (practicality),1.0,4.0,0.0,0.0,0.8590689305236946,596,596,0.731261006057397,2.04723016230562,0.855524468322491,0.009486419270409052,0.03282195458716419,,
5-fold CV fold=3 frac=1.00,agricultural CV,48,1.0,True,0.0,True,0.6528581346910437,1.0,target not reachable; largest admissible DI,0.0,4.0,0.0,0.0,0.8393890303170563,596,596,0.7283686441717786,2.0582175578628346,0.8441025728490658,0.0058753896110947945,0.02409114730160089,,
5-fold CV fold=3 frac=1.00,agricultural CV,49,1.0,True,0.0,True,0.637566836939188,1.0,target met; minimum deviation (practicality),1.0,4.0,0.0,0.0,0.8560756589887688,596,596,0.7264262929364621,2.0655632858988686,0.8603959224384224,0.002671618935913722,0.03097933499246057,,
5-fold CV fold=3 frac=1.00,agricultural CV,50,1.0,True,0.0,True,0.6528581346910437,1.0,target met; minimum deviation (practicality),1.0,4.0,0.0,0.0,0.8604489701457995,596,596,0.6726874130897877,2.2593456705676234,0.875977147420638,0.004745924695098713,0.027648981581590376,,
5-fold CV fold=3 frac=1.00,agricultural CV,51,1.0,True,0.0,True,0.6149191330179339,1.0,target met; minimum deviation (practicality),1.0,4.0,0.0,0.0,0.8822752778083398,596,596,0.7288704720423115,2.056315442367136,0.8255829376342946,0.008644750703200477,0.01699803977416424,,
5-fold CV fold=4 frac=1.00,agricultural CV,42,1.0,True,0.0,True,0.637566836939188,1.0,target not reachable; largest admissible DI,0.0,4.0,0.0,0.0,0.8321294867093627,596,596,0.7409697908154345,2.06256646872304,0.8301352991575038,0.036268655824322926,0.0312498268346606,,
5-fold CV fold=4 frac=1.00,agricultural CV,43,1.0,True,0.0,True,0.6299793298798071,1.0,target not reachable; largest admissible DI,0.0,4.0,0.0,0.0,0.8359915278025876,596,596,0.7237660507838497,2.129959134823665,0.8232859296928126,0.04797169275642976,0.0370513259182033,,
5-fold CV fold=4 frac=1.00,agricultural CV,44,1.0,True,0.0,True,0.637566836939188,1.0,target not reachable; largest admissible DI,0.0,4.0,0.0,0.0,0.8470958443839915,596,596,0.7379954033966845,2.0743746682747584,0.845954242789413,0.031218060212662935,0.03795935752487281,,
5-fold CV fold=4 frac=1.00,agricultural CV,45,1.0,True,0.0,True,0.6413750704441825,1.0,target not reachable; largest admissible DI,0.0,4.0,0.0,0.0,0.8301910958553205,596,596,0.7426511776978166,2.0558614240107143,0.8269004245993699,0.04203649578320101,0.03332718427111424,,
5-fold CV fold=4 frac=1.00,agricultural CV,46,1.0,True,0.0,True,0.6337682690014649,1.0,target met; minimum deviation (practicality),1.0,4.0,0.0,0.0,0.857978741525568,596,596,0.6770874134672593,2.3029008053018356,0.8609953606715981,0.0006395428762694388,0.02330784598368779,,
5-fold CV fold=4 frac=1.00,agricultural CV,47,1.0,True,0.0,True,0.6261999830090902,1.0,target not reachable; largest admissible DI,0.0,4.0,0.0,0.0,0.8468609294027696,596,596,0.7404686971886345,2.0645605209873046,0.8475380787557727,0.040022234574763726,0.04181539978018116,,
5-fold CV fold=4 frac=1.00,agricultural CV,48,1.0,True,0.0,True,0.6490206820983426,1.0,target not reachable; largest admissible DI,0.0,4.0,0.0,0.0,0.8262994795233529,596,596,0.714494656307046,2.1654086414277605,0.8322549531808866,0.00035264513738209047,0.016694798323988208,,
5-fold CV fold=4 frac=1.00,agricultural CV,49,1.0,True,0.0,True,0.6528581346910437,1.0,target not reachable; largest admissible DI,0.0,4.0,0.0,0.0,0.833371904651701,596,596,0.7303312220261788,2.104495873587491,0.8235882748744846,0.014219369183596675,0.022351007271003184,,
5-fold CV fold=4 frac=1.00,agricultural CV,50,1.0,True,0.0,True,0.637566836939188,1.0,target met; minimum deviation (practicality),1.0,4.0,0.0,0.0,0.8650554735935462,596,596,0.6660702060658763,2.3418567699867,0.8712880389813368,0.009138888390802569,0.030456558785638327,,
5-fold CV fold=4 frac=1.00,agricultural CV,51,1.0,True,0.0,True,0.6451930064549224,1.0,target not reachable; largest admissible DI,0.0,4.0,0.0,0.0,0.8312486641302953,596,596,0.7402131644087026,2.065576647151512,0.8422110463777868,0.034391866449102526,0.036117848800170146,,
