seed,variant,selected_alpha,selected_boost,R2,RMSE,DI,EOD,AOD
42,Full: Algorithm 1 (4 candidates + rule-based arbitration),1.0,1.079652142729066,0.7074845905950171,2.077424511415038,0.8652065527065528,0.010173832378801317,0.010525735719155258
42,"Single fixed candidate, alpha=0.3",0.3,1.0238956428187198,0.7248671055035796,2.0147545048310023,0.7312143874643875,0.06047834153424225,0.06353274560356371
42,"Single fixed candidate, alpha=0.5",0.5,1.0398260713645329,0.7212456271159071,2.027970911904143,0.7618411680911681,0.02243486327337263,0.042750443092847215
42,"Single fixed candidate, alpha=0.7",0.7,1.0557564999103461,0.7165481851735582,2.044986747454113,0.8039529914529915,0.011565298055981388,0.021470590061616376
42,"Single fixed candidate, alpha=1.0",1.0,1.079652142729066,0.7074845905950171,2.077424511415038,0.8652065527065528,0.010173832378801317,0.010525735719155258
42,"Reduced strength, coef 0.2 (R2 label ""w/o MOG"")",0.28571428571428575,1.0227577550654474,0.7250846104564742,2.013957970256857,0.7312143874643875,0.06047834153424225,0.06353274560356371
42,"No correction, same base (R2 label ""w/o HED"")",,,0.7282818914200704,2.0022124997893385,0.6814458689458689,0.10395660240380744,0.09407469293975476
43,Full: Algorithm 1 (4 candidates + rule-based arbitration),1.0,1.115019745258357,0.7214118420879734,2.105039094560898,0.8578182625390902,0.04157890777794504,0.034399797123347634
43,"Single fixed candidate, alpha=0.3",0.3,1.0345059235775071,0.7298260928508729,2.0730059173422504,0.675734197377491,0.0779863096133594,0.0668990570596692
43,"Single fixed candidate, alpha=0.5",0.5,1.0575098726291785,0.729782454294103,2.0731733267985457,0.7323825732055441,0.04537761396118545,0.03615427602058584
43,"Single fixed candidate, alpha=0.7",0.7,1.0805138216808499,0.7278504692655149,2.080571451177051,0.7930772615927438,0.003535429517075417,0.0008674293717081116
43,"Single fixed candidate, alpha=1.0",1.0,1.115019745258357,0.7214118420879734,2.105039094560898,0.8578182625390902,0.04157890777794504,0.034399797123347634
43,"Reduced strength, coef 0.2 (R2 label ""w/o MOG"")",0.28571428571428575,1.0328627843595306,0.7297569517348328,2.0732711553427587,0.6676415722591976,0.0779863096133594,0.07050916536291829
43,"No correction, same base (R2 label ""w/o HED"")",,,0.7263509010513682,2.086295644039282,0.6231321341085845,0.12689935309162026,0.09857579540529782
44,Full: Algorithm 1 (4 candidates + rule-based arbitration),1.0,1.1284374384534974,0.704185528480182,2.130366951357846,0.8481810068770014,0.038007087611256374,0.001466974656692016
44,"Single fixed candidate, alpha=0.3",0.3,1.038531231536049,0.7225774996944483,2.063077529461759,0.6777521129718095,0.13426377210323504,0.09842344190268135
44,"Single fixed candidate, alpha=0.5",0.5,1.0642187192267487,0.7203078579509079,2.0714995371828557,0.7134232768124311,0.11822099135457187,0.07868330152834976
44,"Single fixed candidate, alpha=0.7",0.7,1.089906206917448,0.7156500504675103,2.08867700681556,0.7768386791957583,0.08613542985724565,0.043109270779686654
44,"Single fixed candidate, alpha=1.0",1.0,1.1284374384534974,0.704185528480182,2.130366951357846,0.8481810068770014,0.038007087611256374,0.001466974656692016
44,"Reduced strength, coef 0.2 (R2 label ""w/o MOG"")",0.28571428571428575,1.0366964109867136,0.7226482330687372,2.062814505125575,0.6777521129718095,0.13426377210323504,0.09842344190268135
44,"No correction, same base (R2 label ""w/o HED"")",,,0.7215041515475269,2.0670647019052875,0.6143367105884824,0.2037824886807751,0.13904217519145137
45,Full: Algorithm 1 (4 candidates + rule-based arbitration),1.0,1.1106510416666666,0.7090370524364495,2.126136145054005,0.8199356913183279,0.003072548402179409,0.01325224990420458
45,"Single fixed candidate, alpha=0.3",0.3,1.0331953125,0.7381461179525088,2.016980666158548,0.6764469453376205,0.10804492409278721,0.07769547640263778
45,"Single fixed candidate, alpha=0.5",0.5,1.0553255208333334,0.7324263234559082,2.0388905824949717,0.7208601286173633,0.08042061470052198,0.05050539528510048
45,"Single fixed candidate, alpha=0.7",0.7,1.0774557291666667,0.7246288638672032,2.068385264291384,0.7686897106109324,0.019647134037538594,0.015101932545582036
45,"Single fixed candidate, alpha=1.0",1.0,1.1106510416666666,0.7090370524364495,2.126136145054005,0.8199356913183279,0.003072548402179409,0.01325224990420458
45,"Reduced strength, coef 0.2 (R2 label ""w/o MOG"")",0.28571428571428575,1.0316145833333334,0.7384751722114967,2.015712965427835,0.6730305466237941,0.10804492409278721,0.07936771720531337
45,"No correction, same base (R2 label ""w/o HED"")",,,0.7428301876497139,1.998859280340718,0.6422829581993569,0.11909464784969326,0.09659826470249548
46,Full: Algorithm 1 (4 candidates + rule-based arbitration),1.0,1.0760817937385323,0.7147899819861988,2.1217458476444775,0.868608522229034,0.03790781142880195,0.0035231721171173763
46,"Single fixed candidate, alpha=0.3",0.3,1.0228245381215597,0.7275311789135381,2.0738119810913425,0.7258794223322443,0.1152558777271444,0.0743299655096658
46,"Single fixed candidate, alpha=0.5",0.5,1.0380408968692663,0.7249788387604779,2.083502513071616,0.7585032165943677,0.09868129209178533,0.056714314483031034
46,"Single fixed candidate, alpha=0.7",0.7,1.0532572556169726,0.7215560971464741,2.096427409156442,0.7952049851392564,0.08210670645642626,0.037232991814605224
46,"Single fixed candidate, alpha=1.0",1.0,1.0760817937385323,0.7147899819861988,2.1217458476444775,0.868608522229034,0.03790781142880195,0.0035231721171173763
46,"Reduced strength, coef 0.2 (R2 label ""w/o MOG"")",0.28571428571428575,1.0217376553538664,0.7276801827461186,2.0732448553010636,0.7218014480494789,0.1152558777271444,0.07619563715145684
46,"No correction, same base (R2 label ""w/o HED"")",,,0.7297276864038589,2.0654360483044734,0.672865756656294,0.13735532524095662,0.10217073404269131
47,Full: Algorithm 1 (4 candidates + rule-based arbitration),1.0,1.1597033748111114,0.7064236452615713,2.0986233466164435,0.8819554641694418,0.013533834586466176,0.03705999177521928
47,"Single fixed candidate, alpha=0.3",0.3,1.0479110124433335,0.7483439819076944,1.9430215770177464,0.6693412004857371,0.08170426065162906,0.07964996493473744
47,"Single fixed candidate, alpha=0.5",0.5,1.0798516874055557,0.7411826732482887,1.9704736729506018,0.7323380193549829,0.05789473684210522,0.045927021211793706
47,"Single fixed candidate, alpha=0.7",0.7,1.111792362367778,0.7301686202830081,2.0119639282452435,0.7913975370449009,0.022180451127819523,0.011706241991014485
47,"Single fixed candidate, alpha=1.0",1.0,1.1597033748111114,0.7064236452615713,2.0986233466164435,0.8819554641694418,0.013533834586466176,0.03705999177521928
47,"Reduced strength, coef 0.2 (R2 label ""w/o MOG"")",0.28571428571428575,1.0456295356603176,0.748708077514519,1.9416154876787128,0.6654038993064092,0.08765664160400999,0.08262615541092791
47,"No correction, same base (R2 label ""w/o HED"")",,,0.751862049323287,1.9293923788215925,0.5748459721818683,0.16503759398496243,0.1394984497832223
48,Full: Algorithm 1 (4 candidates + rule-based arbitration),1.0,1.1314451774248553,0.6769339494993629,2.2432880909768995,0.888842026496148,0.020205409802725338,0.06677682868958043
48,"Single fixed candidate, alpha=0.3",0.3,1.0394335532274566,0.7209414945277033,2.0849086039118876,0.7124844815564361,0.08282489322757769,0.04010745034234961
48,"Single fixed candidate, alpha=0.5",0.5,1.0657225887124278,0.711860919475515,2.118558557724713,0.754810292341967,0.05858246898515351,0.014563419429191204
48,"Single fixed candidate, alpha=0.7",0.7,1.0920116241973987,0.6999859370300282,2.161773535108383,0.7971361031274977,0.034340044742729225,0.010980611483967229
48,"Single fixed candidate, alpha=1.0",1.0,1.1314451774248553,0.6769339494993629,2.2432880909768995,0.888842026496148,0.020205409802725338,0.06677682868958043
48,"Reduced strength, coef 0.2 (R2 label ""w/o MOG"")",0.28571428571428575,1.03755576497853,0.7214831781770956,2.0828841010469774,0.7124844815564361,0.08282489322757769,0.04010745034234961
48,"No correction, same base (R2 label ""w/o HED"")",,,0.7293228432435506,2.053360448885153,0.6348871617829629,0.12524913565182016,0.08648735678937018
49,Full: Algorithm 1 (4 candidates + rule-based arbitration),1.0,1.1427333545715197,0.7005013350845585,2.1638084352240283,0.9211414808283692,0.0030679493977728844,0.07167025289437516
49,"Single fixed candidate, alpha=0.3",0.3,1.0428200063714559,0.737534555920934,2.025617453856809,0.738435732564891,0.08995530641618055,0.034991750952451176
49,"Single fixed candidate, alpha=0.5",0.5,1.0713666772857597,0.7308106984574665,2.05139957833313,0.7917249091417388,0.05507158548594804,0.0025122965023725158
49,"Single fixed candidate, alpha=0.7",0.7,1.0999133482000638,0.7210011907736014,2.0884425788037606,0.8526268252295649,0.031815771532459625,0.0316720014518153
49,"Single fixed candidate, alpha=1.0",1.0,1.1427333545715197,0.7005013350845585,2.1638084352240283,0.9211414808283692,0.0030679493977728844,0.07167025289437516
49,"Reduced strength, coef 0.2 (R2 label ""w/o MOG"")",0.28571428571428575,1.0407809584490055,0.7378967581037685,2.024219295784382,0.7308229930539127,0.09576925990455265,0.03977842694475753
49,"No correction, same base (R2 label ""w/o HED"")",,,0.7418347479528898,2.00895522731811,0.6280510096557063,0.15390879478827357,0.1008030816046631
50,Full: Algorithm 1 (4 candidates + rule-based arbitration),1.0,1.1273517612793318,0.7371341316575082,2.0719230187989766,0.8420901850684696,0.025577880512090978,0.04364374119281364
50,"Single fixed candidate, alpha=0.3",0.3,1.0382055283837994,0.745157759154981,2.040056631287695,0.6720907580358677,0.10415184921763876,0.05514969510062266
50,"Single fixed candidate, alpha=0.5",0.5,1.063675880639666,0.745632999079684,2.038153554355243,0.7274394086976451,0.06090860597439551,0.02281378776471532
50,"Single fixed candidate, alpha=0.7",0.7,1.0891462328955321,0.7438940750652021,2.0451083823966556,0.770927634217613,0.03388157894736843,0.0014140114630839251
50,"Single fixed candidate, alpha=1.0",1.0,1.1273517612793318,0.7371341316575082,2.0719230187989766,0.8420901850684696,0.025577880512090978,0.04364374119281364
50,"Reduced strength, coef 0.2 (R2 label ""w/o MOG"")",0.28571428571428575,1.0363862175083804,0.7450390877851354,2.0405315685209193,0.668137282988598,0.10955725462304411,0.05785239780332534
50,"No correction, same base (R2 label ""w/o HED"")",,,0.7402933418819555,2.059434850537556,0.6206955824213602,0.13117887624466573,0.08294892289985042
51,Full: Algorithm 1 (4 candidates + rule-based arbitration),1.0,1.0726151665485473,0.7188784490829665,2.0891369300703833,0.8946422934111032,0.0023529411764705577,0.035948997576558714
51,"Single fixed candidate, alpha=0.3",0.3,1.0217845499645641,0.7344264793620181,2.030543144262011,0.7912614061724869,0.05378151260504194,0.021600494130236333
51,"Single fixed candidate, alpha=0.5",0.5,1.0363075832742736,0.7310346102489325,2.0434689149610734,0.823070909938215,0.04235294117647059,0.004650253359770887
51,"Single fixed candidate, alpha=0.7",0.7,1.0508306165839831,0.7268024009339605,2.0594833031566875,0.8588566016746592,0.025210084033613467,0.015157130267837451
51,"Single fixed candidate, alpha=1.0",1.0,1.0726151665485473,0.7188784490829665,2.0891369300703833,0.8946422934111032,0.0023529411764705577,0.035948997576558714
51,"Reduced strength, coef 0.2 (R2 label ""w/o MOG"")",0.28571428571428575,1.020747190442442,0.7346365998521664,2.0297397073348327,0.7912614061724869,0.05378151260504194,0.021600494130236333
51,"No correction, same base (R2 label ""w/o HED"")",,,0.7379386451531106,2.0170716582225303,0.7236662106703146,0.10521008403361343,0.062296053252761774
52,Full: Algorithm 1 (4 candidates + rule-based arbitration),1.0,1.0699479329126378,0.7105690419225998,2.0684919001108995,0.8387959334957111,0.0255313079446583,0.011393104952721306
52,"Single fixed candidate, alpha=0.3",0.3,1.0209843798737912,0.7073869785775576,2.0798315299591557,0.7155829715132903,0.02125231778633585,0.0472928255598346
52,"Single fixed candidate, alpha=0.5",0.5,1.034973966456319,0.7091462180636694,2.0735699530746934,0.7345388118182781,0.02125231778633585,0.03944968830493264
52,"Single fixed candidate, alpha=0.7",0.7,1.0489635530388464,0.7102253947254729,2.0697195168411957,0.7629725722757599,0.0021394950791612244,0.02383221324473312
52,"Single fixed candidate, alpha=1.0",1.0,1.0699479329126378,0.7105690419225998,2.0684919001108995,0.8387959334957111,0.0255313079446583,0.011393104952721306
52,"Reduced strength, coef 0.2 (R2 label ""w/o MOG"")",0.28571428571428575,1.0199851236893251,0.7072352958021093,2.0803705246774777,0.7155829715132903,0.02125231778633585,0.0472928255598346
52,"No correction, same base (R2 label ""w/o HED"")",,,0.7034730015528121,2.0936951849234458,0.6729323308270677,0.062187990300955676,0.07168223044459548
53,Full: Algorithm 1 (4 candidates + rule-based arbitration),1.0,1.1522981750695949,0.689845086608502,2.2239650387411993,0.8942871307340119,0.024137634962543175,0.046839706969142206
53,"Single fixed candidate, alpha=0.3",0.3,1.0456894525208784,0.7313985073697634,2.069630585436433,0.6981715318888339,0.08906991220726812,0.07014142510632948
53,"Single fixed candidate, alpha=0.5",0.5,1.0761490875347974,0.7235033839377236,2.0998270849570857,0.7883847073576157,0.0387554467984631,0.016682305609474132
53,"Single fixed candidate, alpha=0.7",0.7,1.1066087225487165,0.7124264345058845,2.1414754699102034,0.8472193870111692,0.001019597741859335,0.019166750994299445
53,"Single fixed candidate, alpha=1.0",1.0,1.1522981750695949,0.689845086608502,2.2239650387411993,0.8942871307340119,0.024137634962543175,0.046839706969142206
53,"Reduced strength, coef 0.2 (R2 label ""w/o MOG"")",0.28571428571428575,1.0435137643055985,0.7318406912118556,2.067926324323471,0.6942492199119302,0.09535922038336875,0.0732860791943798
53,"No correction, same base (R2 label ""w/o HED"")",,,0.7372752687681992,2.0468645346994054,0.6040360444431483,0.18969884302487827,0.13555023013777606
54,Full: Algorithm 1 (4 candidates + rule-based arbitration),1.0,1.1099508164469802,0.7150502988858465,2.1204427120042024,0.8076367389060888,0.023934599484007335,0.020349068100679962
54,"Single fixed candidate, alpha=0.3",0.3,1.032985244934094,0.7177293412115318,2.110451174488544,0.6745098039215687,0.08053837306891298,0.047426502902299175
54,"Single fixed candidate, alpha=0.5",0.5,1.0549754082234901,0.7188789022404655,2.106149332469873,0.7144478844169248,0.07424906489281236,0.029244254829286456
54,"Single fixed candidate, alpha=0.7",0.7,1.076965571512886,0.718496461914667,2.10758146026937,0.7499484004127968,0.0616704485406111,0.011676751164464025
54,"Single fixed candidate, alpha=1.0",1.0,1.1099508164469802,0.7150502988858465,2.1204427120042024,0.8076367389060888,0.023934599484007335,0.020349068100679962
54,"Reduced strength, coef 0.2 (R2 label ""w/o MOG"")",0.28571428571428575,1.0314145189848514,0.7175886072086464,2.110977221423819,0.6745098039215687,0.08053837306891298,0.047426502902299175
54,"No correction, same base (R2 label ""w/o HED"")",,,0.7131324971280087,2.1275663715766884,0.5990712074303406,0.14972076300602,0.09329589335957449
55,Full: Algorithm 1 (4 candidates + rule-based arbitration),1.0,1.0769421487603306,0.7022340891658541,2.1507097115172753,0.8401953418482344,0.005452635599694333,0.014725340282740612
55,"Single fixed candidate, alpha=0.3",0.3,1.0230826446280992,0.7150193952882876,2.1040301536490236,0.7247182569496619,0.051365546218487435,0.04966859911119875
55,"Single fixed candidate, alpha=0.5",0.5,1.0384710743801653,0.7124997394717805,2.1133110750422457,0.7486100676183319,0.04000190985485108,0.03641102335362301
55,"Single fixed candidate, alpha=0.7",0.7,1.0538595041322314,0.7090734526233514,2.1258664800794835,0.7844477836213374,0.017274637127578374,0.015577690020289678
55,"Single fixed candidate, alpha=1.0",1.0,1.0769421487603306,0.7022340891658541,2.1507097115172753,0.8401953418482344,0.005452635599694333,0.014725340282740612
55,"Reduced strength, coef 0.2 (R2 label ""w/o MOG"")",0.28571428571428575,1.0219834710743803,0.7151646781897758,2.103493768770142,0.7247182569496619,0.051365546218487435,0.04966859911119875
55,"No correction, same base (R2 label ""w/o HED"")",,,0.7170989458281947,2.096339369964158,0.7008264462809918,0.07409281894576014,0.0648201142627139
56,Full: Algorithm 1 (4 candidates + rule-based arbitration),1.0,1.1025285557815678,0.6319223101160182,2.3876401045055444,0.9061118791253724,0.008054417407158843,0.04858957875814712
56,"Single fixed candidate, alpha=0.3",0.3,1.0307585667344703,0.6720412092511945,2.2537656524488443,0.8050585097061859,0.02084731669688744,0.009113883449585358
56,"Single fixed candidate, alpha=0.5",0.5,1.051264277890784,0.6629176799698542,2.2848995119618807,0.8454798574738605,0.00928662305526895,0.013967501433507612
56,"Single fixed candidate, alpha=0.7",0.7,1.0717699890470975,0.6519229400255458,2.3218642181097646,0.8656905313576978,0.00928662305526895,0.024348124270877847
56,"Single fixed candidate, alpha=1.0",1.0,1.1025285557815678,0.6319223101160182,2.3876401045055444,0.9061118791253724,0.008054417407158843,0.04858957875814712
56,"Reduced strength, coef 0.2 (R2 label ""w/o MOG"")",0.28571428571428575,1.029293873080448,0.6726212874653092,2.2517715925197765,0.8050585097061859,0.02084731669688744,0.009113883449585358
56,"No correction, same base (R2 label ""w/o HED"")",,,0.6822179831801396,2.2185221862069557,0.7309527054654492,0.055529397621742915,0.05413658481166708
57,Full: Algorithm 1 (4 candidates + rule-based arbitration),1.0,1.1364428425221376,0.6853088642370706,2.2603816072301957,0.944590694915593,0.04268412147119072,0.05943729883083346
57,"Single fixed candidate, alpha=0.3",0.3,1.0409328527566413,0.7265156193659141,2.10720007815581,0.7877398415163248,0.009947457476177646,0.03316636943072951
57,"Single fixed candidate, alpha=0.5",0.5,1.0682214212610688,0.7185124639983805,2.1378099525126206,0.8365378847960971,0.004684299581440898,0.005913578362149008
57,"Single fixed candidate, alpha=0.7",0.7,1.0955099897654963,0.707493146038281,2.1792524016299275,0.8713936299959345,0.021631489892243394,0.0167140133443901
57,"Single fixed candidate, alpha=1.0",1.0,1.1364428425221376,0.6853088642370706,2.2603816072301957,0.944590694915593,0.04268412147119072,0.05943729883083346
57,"Reduced strength, coef 0.2 (R2 label ""w/o MOG"")",0.28571428571428575,1.0389836692920393,0.7269718589358183,2.10544167910542,0.7842542669963412,0.009947457476177646,0.0350603088246689
57,"No correction, same base (R2 label ""w/o HED"")",,,0.7328650475561533,2.082595222007789,0.6901437549567802,0.07310535221301984,0.09504834710218091
58,Full: Algorithm 1 (4 candidates + rule-based arbitration),1.0,1.0763315762466763,0.7306493050076294,2.0858962170629987,0.7904453974471535,0.021075810003145623,0.01776829715843556
58,"Single fixed candidate, alpha=0.3",0.3,1.0228994728740028,0.7226600539492885,2.1166052041899635,0.6609373944755859,0.12802768166089962,0.08889129181084196
58,"Single fixed candidate, alpha=0.5",0.5,1.0381657881233382,0.7258753517540577,2.1043001684184754,0.6921979469169988,0.10663730732934884,0.07231375170389011
58,"Single fixed candidate, alpha=0.7",0.7,1.0534321033726735,0.7283445258426323,2.0948015024998994,0.7457874653879922,0.058508965083359565,0.042367227639719
58,"Single fixed candidate, alpha=1.0",1.0,1.0763315762466763,0.7306493050076294,2.0858962170629987,0.7904453974471535,0.021075810003145623,0.01776829715843556
58,"Reduced strength, coef 0.2 (R2 label ""w/o MOG"")",0.28571428571428575,1.0218090217847646,0.722401839167971,2.1175902977627516,0.6564716012696697,0.13337527524378734,0.09156508860228582
58,"No correction, same base (R2 label ""w/o HED"")",,,0.7164381252742698,2.140215799207694,0.5984162895927602,0.18150361748977661,0.12347239698018242
59,Full: Algorithm 1 (4 candidates + rule-based arbitration),1.0,1.127473643108161,0.6980326226140603,2.103820032434137,0.8637514998000267,0.02972237238396791,0.010318339462193751
59,"Single fixed candidate, alpha=0.3",0.3,1.0382420929324483,0.7142357146677791,2.0465980101554906,0.7005542118193766,0.09493976368831569,0.0757958912453307
59,"Single fixed candidate, alpha=0.5",0.5,1.0637368215540806,0.7127504242481258,2.051909822886301,0.7562801150322815,0.07863541586222877,0.04734851438025772
59,"Single fixed candidate, alpha=0.7",0.7,1.0892315501757126,0.7087498022662024,2.06614923604405,0.7960843316129279,0.062331068036141746,0.02628121131592269
59,"Single fixed candidate, alpha=1.0",1.0,1.127473643108161,0.6980326226140603,2.103820032434137,0.8637514998000267,0.02972237238396791,0.010318339462193751
59,"Reduced strength, coef 0.2 (R2 label ""w/o MOG"")",0.28571428571428575,1.036421040888046,0.7142455569083819,2.046562765577159,0.7005542118193766,0.09493976368831569,0.0757958912453307
59,"No correction, same base (R2 label ""w/o HED"")",,,0.7117474036180025,2.0554891395452994,0.6090045136838899,0.16559193760135915,0.12957216270369745
60,Full: Algorithm 1 (4 candidates + rule-based arbitration),1.0,1.0906967984934088,0.7129412393315098,2.080406895180343,0.826723829939264,0.017327143094014286,0.016762350091882344
60,"Single fixed candidate, alpha=0.3",0.3,1.0272090395480227,0.729868775844291,2.0181352823554577,0.7353072525902108,0.01948267285690597,0.03324107089473019
60,"Single fixed candidate, alpha=0.5",0.5,1.0453483992467043,0.726633217026813,2.0301856453371454,0.7551804215791355,0.01334770353175263,0.02273864199423531
60,"Single fixed candidate, alpha=0.7",0.7,1.0634877589453862,0.722116954060396,2.04688718523782,0.779028224365845,0.007212734206599292,0.010377477034260868
60,"Single fixed candidate, alpha=1.0",1.0,1.0906967984934088,0.7129412393315098,2.080406895180343,0.826723829939264,0.017327143094014286,0.016762350091882344
60,"Reduced strength, coef 0.2 (R2 label ""w/o MOG"")",0.28571428571428575,1.0259133709981167,0.7300508806520851,2.0174549202501626,0.7353072525902108,0.01948267285690597,0.03324107089473019
60,"No correction, same base (R2 label ""w/o HED"")",,,0.7323207937912475,2.0089549575604617,0.6915862808145766,0.062427458132979674,0.06214840777068527
61,Full: Algorithm 1 (4 candidates + rule-based arbitration),1.0,1.0455645258464876,0.7182019042260557,2.040495184504397,0.8408392835773266,0.054075851758596194,0.014089718707983354
61,"Single fixed candidate, alpha=0.3",0.3,1.0136693577539462,0.7189946911913622,2.0376228844920132,0.7597431090191072,0.10435518136753474,0.05914970223755224
61,"Single fixed candidate, alpha=0.5",0.5,1.0227822629232437,0.7191690370774644,2.0369906788432606,0.7810842075870598,0.08759540483122197,0.046785750224375935
61,"Single fixed candidate, alpha=0.7",0.7,1.0318951680925412,0.7190226978054719,2.0375213413218067,0.8024253061550123,0.07642222047367997,0.03522306242807505
61,"Single fixed candidate, alpha=1.0",1.0,1.0455645258464876,0.7182019042260557,2.040495184504397,0.8408392835773266,0.054075851758596194,0.014089718707983354
61,"Reduced strength, coef 0.2 (R2 label ""w/o MOG"")",0.28571428571428575,1.0130184359561394,0.71896996679804,2.0377125231571074,0.7554748893055168,0.10435518136753474,0.0611417341100622
61,"No correction, same base (R2 label ""w/o HED"")",,,0.7181318876907814,2.0407486630266303,0.7341337907375644,0.10994177354630574,0.07190315768948753
62,Full: Algorithm 1 (4 candidates + rule-based arbitration),1.0,1.1473563218390805,0.717531947898242,2.089801382849641,0.8180765762472278,0.015547329455314562,0.03329781059361657
62,"Single fixed candidate, alpha=0.3",0.3,1.0442068965517242,0.7304823829304903,2.0413333167934606,0.6387121932197607,0.06832363828662091,0.06087647924750043
62,"Single fixed candidate, alpha=0.5",0.5,1.0736781609195403,0.7302217926136824,2.0423199372242684,0.6912090858131656,0.04251718667371762,0.03304788030672043
62,"Single fixed candidate, alpha=0.7",0.7,1.1031494252873564,0.7272095751143783,2.0536900823057462,0.7437059784065707,0.0360655737704918,0.00929968579540602
62,"Single fixed candidate, alpha=1.0",1.0,1.1473563218390805,0.717531947898242,2.089801382849641,0.8180765762472278,0.015547329455314562,0.03329781059361657
62,"Reduced strength, coef 0.2 (R2 label ""w/o MOG"")",0.28571428571428575,1.0421018062397374,0.7303957046680749,2.041661542092753,0.6343374521703103,0.06832363828662091,0.06274215088929147
62,"No correction, same base (R2 label ""w/o HED"")",,,0.7257139674385218,2.059312193424128,0.5643415953791037,0.13929138022210474,0.10755438006598861
63,Full: Algorithm 1 (4 candidates + rule-based arbitration),1.0,1.061300654086159,0.6901692125868799,2.239729355000937,0.8222553885668669,0.048255702511021625,0.00647104830392585
63,"Single fixed candidate, alpha=0.3",0.3,1.0183901962258477,0.7069839393235943,2.1781057896694547,0.7579049668529381,0.06987732413264325,0.041843262623508584
63,"Single fixed candidate, alpha=0.5",0.5,1.0306503270430796,0.7029927870788613,2.192889534775523,0.7757800839956961,0.05906651332183244,0.031174699323366334
63,"Single fixed candidate, alpha=0.7",0.7,1.0429104578603112,0.6983511905186658,2.2099582264760813,0.7936552011384541,0.05366110791642709,0.021454452761014542
63,"Single fixed candidate, alpha=1.0",1.0,1.061300654086159,0.6901692125868799,2.239729355000937,0.8222553885668669,0.048255702511021625,0.00647104830392585
63,"Reduced strength, coef 0.2 (R2 label ""w/o MOG"")",0.28571428571428575,1.0175144725960454,0.7072441321759426,2.177138516026477,0.7579049668529381,0.06987732413264325,0.041843262623508584
63,"No correction, same base (R2 label ""w/o HED"")",,,0.7117510845992012,2.160315082160156,0.7400298497101802,0.08609354034885952,0.05346014266144128
64,Full: Algorithm 1 (4 candidates + rule-based arbitration),1.0,1.1372588467756422,0.6791370523712866,2.206221899332573,0.8508771929824562,0.039641629847815385,0.06926530430266226
64,"Single fixed candidate, alpha=0.3",0.3,1.0411776540326927,0.6841061289363559,2.1890718015190815,0.6096491228070176,0.11512027491408938,0.05534691843659632
64,"Single fixed candidate, alpha=0.5",0.5,1.068629423387821,0.6858561550348304,2.1829997411745015,0.662280701754386,0.09131075110456555,0.030412840570922348
64,"Single fixed candidate, alpha=0.7",0.7,1.0960811927429495,0.6850703713253667,2.1857282592067278,0.7192982456140351,0.05559646539027985,0.0011550462479814477
64,"Single fixed candidate, alpha=1.0",1.0,1.1372588467756422,0.6791370523712866,2.206221899332573,0.8508771929824562,0.039641629847815385,0.06926530430266226
64,"Reduced strength, coef 0.2 (R2 label ""w/o MOG"")",0.28571428571428575,1.0392168133644692,0.6838840935336101,2.1898409934925267,0.5964912280701754,0.12107265586647031,0.0615804379030148
64,"No correction, same base (R2 label ""w/o HED"")",,,0.6767264463987597,2.2144939358400686,0.5394736842105263,0.15083456062837508,0.08949070624487923
65,Full: Algorithm 1 (4 candidates + rule-based arbitration),1.0,1.1186929362375746,0.7232632309728315,2.1320598944994913,0.8621920229808862,0.03790141896938015,0.06591301547138631
65,"Single fixed candidate, alpha=0.3",0.3,1.0356078808712723,0.7525615033336466,2.0160421231139147,0.7165248775457593,0.026201145133183945,0.01522917567080484
65,"Single fixed candidate, alpha=0.5",0.5,1.0593464681187874,0.7467235464788511,2.0396862864968686,0.7637682760652599,0.006970375902414783,0.010749845308216113
65,"Single fixed candidate, alpha=0.7",0.7,1.0830850553663023,0.7388592071397058,2.0711107696451383,0.8110116745847605,0.025080906148867266,0.03950275906112986
65,"Single fixed candidate, alpha=1.0",1.0,1.1186929362375746,0.7232632309728315,2.1320598944994913,0.8621920229808862,0.03790141896938015,0.06591301547138631
65,"Reduced strength, coef 0.2 (R2 label ""w/o MOG"")",0.28571428571428575,1.0339122674964498,0.7529009601057615,2.0146587611125155,0.7165248775457593,0.026201145133183945,0.01522917567080484
65,"No correction, same base (R2 label ""w/o HED"")",,,0.7575189714576835,1.995744083996528,0.6417228298898834,0.08389345282549165,0.06225714769877687
66,Full: Algorithm 1 (4 candidates + rule-based arbitration),1.0,1.165944055944056,0.6486161574659961,2.302300870138487,0.9217859064012912,0.07601229871280424,0.08603276262427886
66,"Single fixed candidate, alpha=0.3",0.3,1.0497832167832168,0.7025680377963368,2.1181904315767106,0.7028617536309845,0.027213507738808596,0.04039765884970273
66,"Single fixed candidate, alpha=0.5",0.5,1.082972027972028,0.6922496199052581,2.1546189876883024,0.7643141473910705,0.011496169680546231,0.0027946449575435572
66,"Single fixed candidate, alpha=0.7",0.7,1.116160839160839,0.6778540779658218,2.2044360409687487,0.8372888649811727,0.03730262129344941,0.037480843622630655
66,"Single fixed candidate, alpha=1.0",1.0,1.165944055944056,0.6486161574659961,2.302300870138487,0.9217859064012912,0.07601229871280424,0.08603276262427886
66,"Reduced strength, coef 0.2 (R2 label ""w/o MOG"")",0.28571428571428575,1.0474125874125875,0.70314905524589,2.1161205342962206,0.7028617536309845,0.027213507738808596,0.04039765884970273
66,"No correction, same base (R2 label ""w/o HED"")",,,0.7104010570422838,2.090112535461509,0.5953200645508337,0.12398770128719572,0.11250738336112256
67,Full: Algorithm 1 (4 candidates + rule-based arbitration),1.0,1.173110579350618,0.67166676550824,2.241168390609827,0.9511955599353973,0.047773213265500436,0.09251859319935177
67,"Single fixed candidate, alpha=0.3",0.3,1.0519331738051854,0.727353693352402,2.0422874826438173,0.7142940242533738,0.04262226696048821,0.043920022826051314
67,"Single fixed candidate, alpha=0.5",0.5,1.086555289675309,0.7173337506150841,2.0794766314228332,0.807618871643262,0.0030742443616181836,0.01052552132009904
67,"Single fixed candidate, alpha=0.7",0.7,1.1211774055454327,0.7026013214175264,2.1329790177838017,0.8686389641674195,0.025174343209003247,0.04654762532438786
67,"Single fixed candidate, alpha=1.0",1.0,1.173110579350618,0.67166676550824,2.241168390609827,0.9511955599353973,0.047773213265500436,0.09251859319935177
67,"Reduced strength, coef 0.2 (R2 label ""w/o MOG"")",0.28571428571428575,1.049460165528748,0.7278890788109257,2.040281315140328,0.7035257726314637,0.0539217019887368,0.051394557858423784
67,"No correction, same base (R2 label ""w/o HED"")",,,0.7335476953454292,2.0189557780478533,0.6245585940707892,0.09911944210173118,0.09954087317039542
68,Full: Algorithm 1 (4 candidates + rule-based arbitration),1.0,1.0906967984934088,0.7292465232687165,2.0916024357447047,0.8569227806662815,0.0034843205574912606,0.0341564715620504
68,"Single fixed candidate, alpha=0.3",0.3,1.0272090395480227,0.7377291924952821,2.058576897471646,0.7069612940496821,0.05226480836236924,0.040606906668746806
68,"Single fixed candidate, alpha=0.5",0.5,1.0453483992467043,0.7367182178065739,2.062540677208584,0.7455228191796649,0.027874564459930307,0.019083426508572116
68,"Single fixed candidate, alpha=0.7",0.7,1.0634877589453862,0.7345771270456172,2.070910312243852,0.7969381860196418,0.009581881533101022,0.0068539597309619366
68,"Single fixed candidate, alpha=1.0",1.0,1.0906967984934088,0.7292465232687165,2.0916024357447047,0.8569227806662815,0.0034843205574912606,0.0341564715620504
68,"Reduced strength, coef 0.2 (R2 label ""w/o MOG"")",0.28571428571428575,1.0259133709981167,0.7377581607355885,2.0584632077370473,0.7069612940496821,0.05226480836236924,0.040606906668746806
68,"No correction, same base (R2 label ""w/o HED"")",,,0.7371266868928789,2.060940089577649,0.6598305411130366,0.07665505226480829,0.06586173011250364
69,Full: Algorithm 1 (4 candidates + rule-based arbitration),1.0,1.1191771901461793,0.6807548100615028,2.236614388454556,0.9045512987149852,0.0001442085832948914,0.04874140104359702
69,"Single fixed candidate, alpha=0.3",0.3,1.0357531570438538,0.7124492989385802,2.1226879209933824,0.7384092234408044,0.06832602676511312,0.04578906848687253
69,"Single fixed candidate, alpha=0.5",0.5,1.0595885950730897,0.7062096629000711,2.1455946963296535,0.8011740074332727,0.05696239040147677,0.012634722832526882
69,"Single fixed candidate, alpha=0.7",0.7,1.0834240331023255,0.6977172810918946,2.17638434414723,0.8417865147225169,0.039916935856022184,0.010540019092215067
69,"Single fixed candidate, alpha=1.0",1.0,1.1191771901461793,0.6807548100615028,2.236614388454556,0.9045512987149852,0.0001442085832948914,0.04874140104359702
69,"Reduced strength, coef 0.2 (R2 label ""w/o MOG"")",0.28571428571428575,1.0340506257560513,0.7128087852205529,2.1213606492665416,0.7384092234408044,0.06832602676511312,0.04578906848687253
69,"No correction, same base (R2 label ""w/o HED"")",,,0.7175848546782173,2.103647288365388,0.675644439448336,0.11378057221965854,0.08499985769766172
70,Full: Algorithm 1 (4 candidates + rule-based arbitration),1.0,1.1610321100917431,0.7090466929652695,2.1429046259009854,0.8412036960782698,0.006098541172688154,0.02839037609493829
70,"Single fixed candidate, alpha=0.3",0.3,1.048309633027523,0.7192621805608153,2.1049493715240715,0.648427849060333,0.13184704416670012,0.07723480477009743
70,"Single fixed candidate, alpha=0.5",0.5,1.0805160550458717,0.7204390400048509,2.1005327397378277,0.7010030800652249,0.08394285254993361,0.04584776472379597
70,"Single fixed candidate, alpha=0.7",0.7,1.1127224770642201,0.7183394433003905,2.1084058381719193,0.749197041819709,0.054002732789454555,0.01972528848667912
70,"Single fixed candidate, alpha=1.0",1.0,1.1610321100917431,0.7090466929652695,2.1429046259009854,0.8412036960782698,0.006098541172688154,0.02839037609493829
70,"Reduced strength, coef 0.2 (R2 label ""w/o MOG"")",0.28571428571428575,1.0460091743119266,0.7190527445744366,2.1057343921499427,0.6309027720587024,0.14382309207089172,0.08694030084115234
70,"No correction, same base (R2 label ""w/o HED"")",,,0.7113535361163313,2.1343926375700453,0.5257523100489186,0.2216674034481373,0.14630855318405023
71,Full: Algorithm 1 (4 candidates + rule-based arbitration),1.0,1.149275323988363,0.7236770796730372,2.122180754197695,0.8482582355168496,0.03380846795480941,0.03782267981948058
71,"Single fixed candidate, alpha=0.3",0.3,1.0447825971965088,0.741943373494889,2.0508383234683656,0.650605831124574,0.13077816492450645,0.06564498653478375
71,"Single fixed candidate, alpha=0.5",0.5,1.0746376619941815,0.7403362805414966,2.057214389739655,0.708254449072321,0.10047513462147606,0.03502955385749536
71,"Single fixed candidate, alpha=0.7",0.7,1.104492726791854,0.735839709077252,2.0749502279578285,0.7576675501703899,0.08229331643965787,0.010474727240813067
71,"Single fixed candidate, alpha=1.0",1.0,1.149275323988363,0.7236770796730372,2.122180754197695,0.8482582355168496,0.03380846795480941,0.03782267981948058
71,"Reduced strength, coef 0.2 (R2 label ""w/o MOG"")",0.28571428571428575,1.0426500925681037,0.7419475990689508,2.050821532570923,0.646488072699735,0.13077816492450645,0.06736319959320299
71,"No correction, same base (R2 label ""w/o HED"")",,,0.7389362407171296,2.0627529189769267,0.5641329042029534,0.1974448315911731,0.11616045045230951
