seed,variant,monitor_threshold,triggered,di_before_monitor,selected_alpha,R2,RMSE,DI,EOD,AOD
42,Algorithm 1,median(y_train) [aligned],True,0.6814458689458689,1.0,0.7060267798365885,2.0825947140787266,0.8766915954415955,0.010173832378801317,0.01580742586000032
42,Single alpha=1.0 (R2 closed form),median(y_train) [aligned],True,0.6814458689458689,1.0,0.7060267798365885,2.0825947140787266,0.8766915954415955,0.010173832378801317,0.01580742586000032
43,Algorithm 1,median(y_train) [aligned],True,0.6231321341085845,1.0,0.7190932790369111,2.113780587824872,0.861864575098237,0.04157890777794504,0.036204851274972194
43,Single alpha=1.0 (R2 closed form),median(y_train) [aligned],True,0.6231321341085845,1.0,0.7190932790369111,2.113780587824872,0.861864575098237,0.04157890777794504,0.036204851274972194
44,Algorithm 1,median(y_train) [aligned],True,0.6143367105884824,1.0,0.7036205444796559,2.1324004034007276,0.8521444695259593,0.038007087611256374,0.0004861503433079839
44,Single alpha=1.0 (R2 closed form),median(y_train) [aligned],True,0.6143367105884824,1.0,0.7036205444796559,2.1324004034007276,0.8521444695259593,0.038007087611256374,0.0004861503433079839
45,Algorithm 1,median(y_train) [aligned],True,0.6422829581993569,1.0,0.7091714693885005,2.125644979843906,0.8199356913183279,0.003072548402179409,0.01325224990420458
45,Single alpha=1.0 (R2 closed form),median(y_train) [aligned],True,0.6422829581993569,1.0,0.7091714693885005,2.125644979843906,0.8199356913183279,0.003072548402179409,0.01325224990420458
46,Algorithm 1,median(y_train) [aligned],True,0.672865756656294,1.0,0.7100949655072362,2.1391382409051376,0.9053102907739227,0.02685808767189579,0.022107735488107766
46,Single alpha=1.0 (R2 closed form),median(y_train) [aligned],True,0.672865756656294,1.0,0.7100949655072362,2.1391382409051376,0.9053102907739227,0.02685808767189579,0.022107735488107766
47,Algorithm 1,median(y_train) [aligned],True,0.5748459721818683,1.0,0.707643500156622,2.094258756663632,0.8819554641694418,0.013533834586466176,0.03705999177521928
47,Single alpha=1.0 (R2 closed form),median(y_train) [aligned],True,0.5748459721818683,1.0,0.707643500156622,2.094258756663632,0.8819554641694418,0.013533834586466176,0.03705999177521928
48,Algorithm 1,median(y_train) [aligned],True,0.6348871617829629,1.0,0.6869649271942357,2.208187205184672,0.8641519702045883,0.0020235916209071503,0.050974510202698164
48,Single alpha=1.0 (R2 closed form),median(y_train) [aligned],True,0.6348871617829629,1.0,0.6869649271942357,2.208187205184672,0.8641519702045883,0.0020235916209071503,0.050974510202698164
49,Algorithm 1,median(y_train) [aligned],True,0.6280510096557063,1.0,0.7120765047717005,2.1215824635944247,0.8868841530289672,0.008559957578971211,0.05269840466916102
49,Single alpha=1.0 (R2 closed form),median(y_train) [aligned],True,0.6280510096557063,1.0,0.7120765047717005,2.1215824635944247,0.8868841530289672,0.008559957578971211,0.05269840466916102
50,Algorithm 1,median(y_train) [aligned],True,0.6206955824213602,1.0,0.7375735676958384,2.0701904650799485,0.8341832349739299,0.014767069701280167,0.038238335787408234
50,Single alpha=1.0 (R2 closed form),median(y_train) [aligned],True,0.6206955824213602,1.0,0.7375735676958384,2.0701904650799485,0.8341832349739299,0.014767069701280167,0.038238335787408234
51,Algorithm 1,median(y_train) [aligned],True,0.7236662106703146,1.0,0.7259550336433738,2.062674743488442,0.8628327896453751,0.025210084033613467,0.01702978944386742
51,Single alpha=1.0 (R2 closed form),median(y_train) [aligned],True,0.7236662106703146,1.0,0.7259550336433738,2.062674743488442,0.8628327896453751,0.025210084033613467,0.01702978944386742
52,Algorithm 1,median(y_train) [aligned],True,0.6729323308270677,1.0,0.7095603037346873,2.0720933667549097,0.8672296939531928,0.037227214377406836,0.025084195423997535
52,Single alpha=1.0 (R2 closed form),median(y_train) [aligned],True,0.6729323308270677,1.0,0.7095603037346873,2.0720933667549097,0.8672296939531928,0.037227214377406836,0.025084195423997535
53,Algorithm 1,median(y_train) [aligned],True,0.6040360444431483,1.0,0.698112268462957,2.194124945216124,0.8785978828263976,0.01155901861034192,0.0367768138873812
53,Single alpha=1.0 (R2 closed form),median(y_train) [aligned],True,0.6040360444431483,1.0,0.698112268462957,2.194124945216124,0.8785978828263976,0.01155901861034192,0.0367768138873812
54,Algorithm 1,median(y_train) [aligned],True,0.5990712074303406,1.0,0.7087459981679164,2.1437709985014295,0.8697626418988649,0.007511941396495803,0.05298963177401424
54,Single alpha=1.0 (R2 closed form),median(y_train) [aligned],True,0.5990712074303406,1.0,0.7087459981679164,2.1437709985014295,0.8697626418988649,0.007511941396495803,0.05298963177401424
55,Algorithm 1,median(y_train) [aligned],True,0.7008264462809918,1.0,0.7046864970064141,2.141834749373729,0.8242674680691209,0.00591100076394202,0.005255643313043651
55,Single alpha=1.0 (R2 closed form),median(y_train) [aligned],True,0.7008264462809918,1.0,0.7046864970064141,2.141834749373729,0.8242674680691209,0.00591100076394202,0.005255643313043651
56,Algorithm 1,median(y_train) [aligned],True,0.7309527054654492,1.0,0.6643364572916373,2.280085877790757,0.8421114118265542,0.00928662305526895,0.01223739762727924
56,Single alpha=1.0 (R2 closed form),median(y_train) [aligned],True,0.7309527054654492,1.0,0.6643364572916373,2.280085877790757,0.8421114118265542,0.00928662305526895,0.01223739762727924
57,Algorithm 1,median(y_train) [aligned],True,0.6901437549567802,1.0,0.7153353163573841,2.1498408218833016,0.8469946083560485,0.005842016208032819,0.0012435189265272428
57,Single alpha=1.0 (R2 closed form),median(y_train) [aligned],True,0.6901437549567802,1.0,0.7153353163573841,2.1498408218833016,0.8469946083560485,0.005842016208032819,0.0012435189265272428
58,Algorithm 1,median(y_train) [aligned],True,0.5984162895927602,1.0,0.7280778606183069,2.095829410540897,0.9110218140068888,0.04309531299150671,0.04372902904477296
58,Single alpha=1.0 (R2 closed form),median(y_train) [aligned],True,0.5984162895927602,1.0,0.7280778606183069,2.095829410540897,0.9110218140068888,0.04309531299150671,0.04372902904477296
59,Algorithm 1,median(y_train) [aligned],True,0.6090045136838899,1.0,0.6957531730909571,2.1117456163325388,0.8637514998000267,0.02972237238396791,0.010318339462193751
59,Single alpha=1.0 (R2 closed form),median(y_train) [aligned],True,0.6090045136838899,1.0,0.6957531730909571,2.1117456163325388,0.8637514998000267,0.02972237238396791,0.010318339462193751
60,Algorithm 1,median(y_train) [aligned],True,0.6915862808145766,1.0,0.718292058425485,2.0609261361057,0.7989013933547696,0.0010777648814458418,0.00012495186623406873
60,Single alpha=1.0 (R2 closed form),median(y_train) [aligned],True,0.6915862808145766,1.0,0.718292058425485,2.0609261361057,0.7989013933547696,0.0010777648814458418,0.00012495186623406873
61,Algorithm 1,median(y_train) [aligned],True,0.7341337907375644,1.0,0.7181545030194405,2.04066679295072,0.8408392835773266,0.054075851758596194,0.014089718707983354
61,Single alpha=1.0 (R2 closed form),median(y_train) [aligned],True,0.7341337907375644,1.0,0.7181545030194405,2.04066679295072,0.8408392835773266,0.054075851758596194,0.014089718707983354
62,Algorithm 1,median(y_train) [aligned],True,0.5643415953791037,1.0,0.7119543372238966,2.110333119623208,0.8530745046428311,0.041353781068217854,0.05366372296723239
62,Single alpha=1.0 (R2 closed form),median(y_train) [aligned],True,0.5643415953791037,1.0,0.7119543372238966,2.110333119623208,0.8530745046428311,0.041353781068217854,0.05366372296723239
63,Algorithm 1,median(y_train) [aligned],True,0.7400298497101802,1.0,0.6987266228900115,2.2085825403297887,0.7865051542813509,0.05906651332183244,0.02591154142862949
63,Single alpha=1.0 (R2 closed form),median(y_train) [aligned],True,0.7400298497101802,1.0,0.6987266228900115,2.2085825403297887,0.7865051542813509,0.05906651332183244,0.02591154142862949
64,Algorithm 1,median(y_train) [aligned],True,0.5394736842105263,1.0,0.6660883873434571,2.250635517601377,0.9166666666666667,0.05749877270495829,0.09773784967260178
64,Single alpha=1.0 (R2 closed form),median(y_train) [aligned],True,0.5394736842105263,1.0,0.6660883873434571,2.250635517601377,0.9166666666666667,0.05749877270495829,0.09773784967260178
65,Algorithm 1,median(y_train) [aligned],True,0.6417228298898834,1.0,0.7271164180071028,2.117164832138046,0.8503811733510109,0.031491162559123764,0.059071523629894485
65,Single alpha=1.0 (R2 closed form),median(y_train) [aligned],True,0.6417228298898834,1.0,0.7271164180071028,2.117164832138046,0.8503811733510109,0.031491162559123764,0.059071523629894485
66,Algorithm 1,median(y_train) [aligned],True,0.5953200645508337,1.0,0.6630667825143427,2.254462928718473,0.8718558364712211,0.05020584709990106,0.056706179153593717
66,Single alpha=1.0 (R2 closed form),median(y_train) [aligned],True,0.5953200645508337,1.0,0.6630667825143427,2.254462928718473,0.8718558364712211,0.05020584709990106,0.056706179153593717
67,Algorithm 1,median(y_train) [aligned],True,0.6245585940707892,1.0,0.7017907793681863,2.135883692433046,0.8686389641674195,0.025174343209003247,0.04654762532438786
67,Single alpha=1.0 (R2 closed form),median(y_train) [aligned],True,0.6245585940707892,1.0,0.7017907793681863,2.135883692433046,0.8686389641674195,0.025174343209003247,0.04654762532438786
68,Algorithm 1,median(y_train) [aligned],True,0.6598305411130366,1.0,0.7273511013763458,2.0989108458047805,0.8654920084729443,0.002613240418118501,0.03907092369164632
68,Single alpha=1.0 (R2 closed form),median(y_train) [aligned],True,0.6598305411130366,1.0,0.7273511013763458,2.0989108458047805,0.8654920084729443,0.002613240418118501,0.03907092369164632
69,Algorithm 1,median(y_train) [aligned],True,0.675644439448336,1.0,0.6962284240228145,2.1817375199186504,0.8454785608397211,0.039916935856022184,0.012371520923716892
69,Single alpha=1.0 (R2 closed form),median(y_train) [aligned],True,0.675644439448336,1.0,0.6962284240228145,2.1817375199186504,0.8454785608397211,0.039916935856022184,0.012371520923716892
70,Algorithm 1,median(y_train) [aligned],True,0.5257523100489186,1.0,0.6992220276251525,2.178784149223874,0.9244478118360152,0.04180565044407836,0.07278856855759663
70,Single alpha=1.0 (R2 closed form),median(y_train) [aligned],True,0.5257523100489186,1.0,0.6992220276251525,2.178784149223874,0.9244478118360152,0.04180565044407836,0.07278856855759663
71,Algorithm 1,median(y_train) [aligned],True,0.5641329042029534,1.0,0.7178218769819131,2.1445470891780474,0.8853180613404014,0.003505437651779131,0.059847047204672696
71,Single alpha=1.0 (R2 closed form),median(y_train) [aligned],True,0.5641329042029534,1.0,0.7178218769819131,2.1445470891780474,0.8853180613404014,0.003505437651779131,0.059847047204672696
