bias_type,seed,model,R2,RMSE,DI,EOD,AOD
uniform,42,DL,0.7337984205661131,1.98178342088307,0.6832215403643975,0.09773533919496658,0.08225766474075673
uniform,42,Debiased-HITL,0.726449293000013,2.0089530984502884,0.6929309116809117,0.08765225457772052,0.0859225190267113
uniform,42,FE-HITL,0.7074845905950169,2.0774245114150385,0.8652065527065528,0.010173832378801317,0.010525735719155258
uniform,43,DL,0.7318860424921627,2.065087945623362,0.5838849988198668,0.16396494659244776,0.12975963329215173
uniform,43,Debiased-HITL,0.7290665432838459,2.0759178300223273,0.6514563220226111,0.09429065743944631,0.0804663934275863
uniform,43,FE-HITL,0.7214118420879735,2.1050390945608974,0.8578182625390902,0.04157890777794504,0.034399797123347634
uniform,44,DL,0.7202409678601043,2.071747228282759,0.6156133064838465,0.21130738186555398,0.13659617763490464
uniform,44,Debiased-HITL,0.7227941912777087,2.062271648780501,0.6658617250249357,0.13961136568612265,0.10500348869412515
uniform,44,FE-HITL,0.7041855284801821,2.1303669513578454,0.8481810068770014,0.038007087611256374,0.001466974656692016
uniform,45,DL,0.7481813839880358,1.9779537995039371,0.6604729729729729,0.11183312817870406,0.07822827584205756
uniform,45,Debiased-HITL,0.740612063018588,2.0074609891003092,0.6661977491961414,0.10804492409278721,0.08271219881066454
uniform,45,FE-HITL,0.7090370524364508,2.1261361450540006,0.8199356913183279,0.003072548402179409,0.01325224990420458
uniform,46,DL,0.7280833889440245,2.071709427498679,0.7018214943278536,0.1281808283260072,0.08949396301912062
uniform,46,Debiased-HITL,0.7284054333070639,2.070482249795627,0.7177234737667134,0.1152558777271444,0.07806130879324788
uniform,46,FE-HITL,0.7147899819861989,2.121745847644477,0.868608522229034,0.03790781142880195,0.0035231721171173763
uniform,47,DL,0.7556290139320443,1.9146913874246902,0.5780526401526611,0.1741228070175438,0.1281702330775604
uniform,47,Debiased-HITL,0.7508458936674322,1.9333388930186919,0.6339054898717862,0.12337092731829569,0.10411966190443439
uniform,47,FE-HITL,0.7064236452615713,2.0986233466164435,0.8819554641694418,0.013533834586466176,0.03705999177521928
uniform,48,DL,0.7410495583019031,2.008388461613559,0.5795656547810065,0.15900955867398814,0.10585961657390225
uniform,48,Debiased-HITL,0.7257203412183872,2.0669795973275833,0.6772129725684937,0.10100671140939588,0.060943325876211735
uniform,48,FE-HITL,0.6769339494993631,2.2432880909768986,0.888842026496148,0.020205409802725338,0.06677682868958043
uniform,49,DL,0.7431571380040514,2.0038034241520646,0.5871905395951345,0.20413226270737062,0.11710372533864771
uniform,49,Debiased-HITL,0.740544080237485,2.013970737712438,0.6851465559880432,0.12483902734641306,0.06747120540252984
uniform,49,FE-HITL,0.7005013350845584,2.1638084352240288,0.9211414808283692,0.0030679493977728844,0.07167025289437516
uniform,50,DL,0.7511402448095816,2.0159690049057066,0.6090889276373147,0.14715504978662874,0.10252951552563287
uniform,50,Debiased-HITL,0.7437510577484863,2.0456793279760364,0.6523233827995187,0.11496266002844957,0.06591224336317092
uniform,50,FE-HITL,0.7371341316575082,2.071923018798977,0.8420901850684696,0.025577880512090978,0.04364374119281364
uniform,51,DL,0.744922937365989,1.9900112875420775,0.7490380767691692,0.07768660405338612,0.04207363910534474
uniform,51,Debiased-HITL,0.7366330140196057,2.022090100392787,0.7554757144360428,0.08235294117647052,0.043376845120070465
uniform,51,FE-HITL,0.718878449082966,2.089136930070385,0.8946422934111032,0.0023529411764705577,0.035948997576558714
uniform,52,DL,0.7196147095500658,2.0359117388895354,0.6907196604283233,0.060079059437210924,0.0759807061891937
uniform,52,Debiased-HITL,0.7065763296094523,2.082710498171475,0.7108440114370433,0.02125231778633585,0.04925360987356009
uniform,52,FE-HITL,0.7105690419225998,2.0684919001108995,0.8387959334957111,0.0255313079446583,0.011393104952721306
uniform,53,DL,0.7445497868300837,2.0183280582856367,0.5602250474029405,0.2247515401292206,0.1496495475001128
uniform,53,Debiased-HITL,0.7350147754648569,2.0556513237917695,0.6471814761890875,0.13938437761607314,0.10473262007488293
uniform,53,FE-HITL,0.6898450866085017,2.2239650387411998,0.8942871307340119,0.024137634962543175,0.046839706969142206
uniform,54,DL,0.7300888126231901,2.0637300291535756,0.6131907308377897,0.1474827225347881,0.10278030478002179
uniform,54,Debiased-HITL,0.7169457698125987,2.113378405986186,0.6611971104231167,0.08682768124501372,0.054330555486590146
uniform,54,FE-HITL,0.7150502988858467,2.120442712004202,0.8076367389060888,0.023934599484007335,0.020349068100679962
uniform,55,DL,0.719198362591864,2.08854638803228,0.6362881304741771,0.12122803666921322,0.10113210240107778
uniform,55,Debiased-HITL,0.7162356981560853,2.0995353313294833,0.7087903831705484,0.06272918258212379,0.05913829608089573
uniform,55,FE-HITL,0.7022340891658541,2.1507097115172753,0.8401953418482344,0.005452635599694333,0.014725340282740612
uniform,56,DL,0.7266823101372782,2.057467521831576,0.6225942731966829,0.10932569299045292,0.09061222688538176
uniform,56,Debiased-HITL,0.6797873085403795,2.2269906220064506,0.7713740532331237,0.03818835715931512,0.029895130324397834
uniform,56,FE-HITL,0.6319223101160184,2.387640104505544,0.9061118791253724,0.008054417407158843,0.04858957875814712
nonlinear,42,DL,0.7391700129894638,1.9807525769198806,0.8394275021493957,0.057362190159082505,0.05069677994544164
nonlinear,42,Debiased-HITL,0.7357673013109968,1.9936308706309809,0.8663003663003663,0.03255641879393267,0.039947689760951005
nonlinear,42,FE-HITL,0.7357673013109968,1.9936308706309809,0.8663003663003663,0.03255641879393267,0.039947689760951005
nonlinear,43,DL,0.7395972877818708,2.0606534343307663,0.8081178792675539,0.015017482517482472,0.04596748177136279
nonlinear,43,Debiased-HITL,0.7419248557322724,2.051423352234633,0.8232672898369374,0.003583916083916061,0.03725191908207378
nonlinear,43,FE-HITL,0.7419248557322724,2.051423352234633,0.8232672898369374,0.003583916083916061,0.03725191908207378
nonlinear,44,DL,0.726118295681319,2.075907162092035,0.7740692008385541,0.09975748053012701,0.07937309809088829
nonlinear,44,Debiased-HITL,0.7298819745428453,2.061594275341342,0.796747511116279,0.07091132668397315,0.06697431266578707
nonlinear,44,FE-HITL,0.7299360331794369,2.061387971907757,0.796747511116279,0.07091132668397315,0.06697431266578707
nonlinear,45,DL,0.753670565010473,1.973801163698152,0.8179097605893186,0.04816498316498319,0.03675173723046066
nonlinear,45,Debiased-HITL,0.7088737090675303,2.145783784279125,0.8157582938388626,0.04136363636363638,0.055643133462282404
nonlinear,45,FE-HITL,0.7087166261786817,2.1463626060324503,0.8191153238546602,0.03673400673400673,0.05332831864746758
nonlinear,46,DL,0.7359198065400974,2.0642655344266045,0.8948657615374613,0.08543657833991491,0.026307068811368683
nonlinear,46,Debiased-HITL,0.7303806865974299,2.085802319074061,0.8546375312278356,0.10328316068601084,0.04166471510298229
nonlinear,46,FE-HITL,0.7303806865974299,2.085802319074061,0.8546375312278356,0.10328316068601084,0.04166471510298229
nonlinear,47,DL,0.7590676004332654,1.916829894591365,0.7573922587860087,0.10708285605192824,0.07676779577937623
nonlinear,47,Debiased-HITL,0.7559884960629695,1.9290395053778109,0.7689272361738149,0.09066437571592201,0.06401815027629973
nonlinear,47,FE-HITL,0.7579579869201822,1.921238801562085,0.824849216986456,0.04942726231386019,0.035367465061212605
nonlinear,48,DL,0.745845967951908,2.006936987977145,0.7584937885820198,0.08523657674739293,0.061097032263490565
nonlinear,48,Debiased-HITL,0.7424370753424526,2.020351382102668,0.7979799481790166,0.05504610876497462,0.04323677580647388
nonlinear,48,FE-HITL,0.7408007250727701,2.026759074939092,0.8172548261543552,0.05504610876497462,0.03354685332585372
nonlinear,49,DL,0.7472747863403627,2.0038695506645277,0.7712882490309844,0.08985407634556408,0.054363583182449576
nonlinear,49,Debiased-HITL,0.7471064274359343,2.0045369021910133,0.7871237346085945,0.0820115611011244,0.05358213700043643
nonlinear,49,FE-HITL,0.7468881836849462,2.0054016598526365,0.791079130259894,0.0769095202847978,0.051031116592273135
nonlinear,50,DL,0.7557742971752548,2.012624047197227,0.7712399374529448,0.05484762291751322,0.05533824069832009
nonlinear,50,Debiased-HITL,0.6950715009138412,2.2488784427816406,0.7774773034576009,0.05363673303535155,0.04440454354868218
nonlinear,50,FE-HITL,0.6972716230289638,2.2407506941174367,0.7908054858025884,0.03961804144656644,0.03739519775428963
nonlinear,51,DL,0.7489488451006681,1.9963982070533466,0.905484543271707,0.03863952297336848,0.01299074974895073
nonlinear,51,Debiased-HITL,0.7363434278740755,2.0459045116956824,0.8808035335743524,0.05518364062042724,0.028072147093880895
nonlinear,51,FE-HITL,0.7363434278740755,2.0459045116956824,0.8808035335743524,0.05518364062042724,0.028072147093880895
nonlinear,52,DL,0.7319722368815893,2.018054909189149,0.894593366651522,0.001504150877903454,0.01155465587730569
nonlinear,52,Debiased-HITL,0.7151378369136308,2.0804652765043254,0.8939453453790471,0.02612015851436178,0.007475241494512029
nonlinear,52,FE-HITL,0.7151378369136308,2.0804652765043254,0.8939453453790471,0.02612015851436178,0.007475241494512029
nonlinear,53,DL,0.74622470395952,2.022127115123383,0.7692788113864967,0.08300129614516827,0.06465185477366972
nonlinear,53,Debiased-HITL,0.71324803675979,2.149497682515735,0.7648664934282379,0.0930344198550237,0.05424107561217912
nonlinear,53,FE-HITL,0.7187542970791321,2.1287601371392246,0.8003238805408052,0.060601987422591264,0.035932809186757876
nonlinear,54,DL,0.7343056534946713,2.0633514633371206,0.8028508331660309,0.06101826661484655,0.038191277193046574
nonlinear,54,Debiased-HITL,0.7193364786795479,2.120679501174571,0.8071592273272946,0.06831010678659333,0.02996248313598296
nonlinear,54,FE-HITL,0.7193364786795479,2.120679501174571,0.8071592273272946,0.06831010678659333,0.02996248313598296
nonlinear,55,DL,0.7226413988118523,2.0919751439193472,0.833916083916084,0.047647675001138534,0.03172840777938503
nonlinear,55,Debiased-HITL,0.7123054095082058,2.130598166209012,0.8536852757631977,0.027708703374777932,0.01586642412199661
nonlinear,55,FE-HITL,0.7123054095082058,2.130598166209012,0.8536852757631977,0.027708703374777932,0.01586642412199661
nonlinear,56,DL,0.7349129420830657,2.0488142560452034,0.810767329618317,0.054996140469561694,0.04087298360969423
nonlinear,56,Debiased-HITL,0.6865366521327771,2.22793085750842,0.8874323168994014,0.023694914960233904,0.012491540477141128
nonlinear,56,FE-HITL,0.6865366521327771,2.22793085750842,0.8874323168994014,0.023694914960233904,0.012491540477141128
interaction,42,DL,0.7375100083270176,1.9751493690514363,0.835536858974359,0.06804906542056077,0.05582949939713684
interaction,42,Debiased-HITL,0.7282897114730003,2.009539798113672,0.8771780705482363,0.04943049065420557,0.03919889160208764
interaction,42,FE-HITL,0.7282897114730003,2.009539798113672,0.8771780705482363,0.04943049065420557,0.03919889160208764
interaction,43,DL,0.7349176800935933,2.06245277350985,0.7647530736787173,0.059113300492610765,0.06262201535301415
interaction,43,Debiased-HITL,0.7341905610386419,2.06527948360214,0.7819292576032583,0.037413481324437226,0.04947523525500261
interaction,43,FE-HITL,0.7338296338140384,2.0666811695758467,0.7777478177230269,0.042339589698821456,0.051938289442194724
interaction,44,DL,0.7217595340022664,2.0760449672224235,0.782575455792824,0.08152140625957005,0.0673295290407162
interaction,44,Debiased-HITL,0.726645084092066,2.057737889274174,0.7745145545010814,0.09710470823963813,0.07494405452467735
interaction,44,FE-HITL,0.726797948529315,2.0571624488586546,0.8119910652027466,0.06754805799333263,0.053915729401524615
interaction,45,DL,0.7493386642744755,1.977730531444211,0.8076568265682657,0.03534333648594534,0.035831271510742974
interaction,45,Debiased-HITL,0.7034000173730296,2.151339760844034,0.7885220125786163,0.049785707590978445,0.06797998635101017
interaction,45,FE-HITL,0.696754048788256,2.1753089605631795,0.8352987421383649,0.03570120054872494,0.040338481893553824
interaction,46,DL,0.7305431080958498,2.067176767308342,0.852364465705264,0.09820761762509334,0.05335853434787484
interaction,46,Debiased-HITL,0.7318686298645614,2.062086034829111,0.8437110193529264,0.11176250933532483,0.05825274103161582
interaction,46,FE-HITL,0.7318686298645614,2.062086034829111,0.8437110193529264,0.11176250933532483,0.05825274103161582
interaction,47,DL,0.7566755167231327,1.9147357673976195,0.7158013544018059,0.10884699624530669,0.08633497616416234
interaction,47,Debiased-HITL,0.7571205064880004,1.9129841398713943,0.7390279470225134,0.1004380475594493,0.0781630668940464
interaction,47,FE-HITL,0.7513860550382151,1.9354354327681795,0.8614954353862442,0.0419274092615769,0.013613630098051374
interaction,48,DL,0.7416514079628658,2.0070789282473287,0.7426301134004518,0.08382437482035066,0.05739257040690916
interaction,48,Debiased-HITL,0.7405847599756119,2.011217989921929,0.760887561050865,0.08734550158091403,0.051375009960098375
interaction,48,FE-HITL,0.7381920652749783,2.0204718510372195,0.8077114109616875,0.056733256682954925,0.024832932454939047
interaction,49,DL,0.7414808287977496,2.005174329193646,0.7668086548235635,0.08368839140639106,0.04854283665604046
interaction,49,Debiased-HITL,0.7422353147238889,2.0022461493488435,0.8069007128650919,0.07609676836974189,0.03507914333618044
interaction,49,FE-HITL,0.7393571557219814,2.013393497528972,0.8306330867728887,0.0656255641812602,0.021746375250036754
interaction,50,DL,0.7531869487967127,2.0112205142439246,0.7564573527723568,0.07748699812773041,0.0590559990638652
interaction,50,Debiased-HITL,0.697491448090422,2.226611552184551,0.7478355672417111,0.061859787809444566,0.052295383035157066
interaction,50,FE-HITL,0.702965281912931,2.206374535035162,0.8009363175784006,0.028366964842937437,0.0257833465519035
interaction,51,DL,0.7449079028230194,1.9986407971286841,0.8772594821255123,0.044328493647912914,0.021891209837632764
interaction,51,Debiased-HITL,0.7381281451039194,2.025026254671025,0.8670929910425709,0.05429219600725954,0.02875171849036913
interaction,51,FE-HITL,0.7381281451039194,2.025026254671025,0.8670929910425709,0.05429219600725954,0.02875171849036913
interaction,52,DL,0.7218395451776889,2.0419388391630386,0.8870631194574856,0.006367105843545606,0.014877621264777319
interaction,52,Debiased-HITL,0.7108024363261616,2.082055734222313,0.8736577883140427,0.022093090155917428,0.0191743658387582
interaction,52,FE-HITL,0.7108024363261616,2.082055734222313,0.8736577883140427,0.022093090155917428,0.0191743658387582
interaction,53,DL,0.7431185409094232,2.0206530196166614,0.7320391872278664,0.10482501512696896,0.07959018545886572
interaction,53,Debiased-HITL,0.7363738657093024,2.0470082603810518,0.7973428425265565,0.05404719614311093,0.05342396538101368
interaction,53,FE-HITL,0.7338566338354804,2.0567579623145864,0.8256748217026271,0.03206917416508892,0.036236607284564654
interaction,54,DL,0.7320242270782691,2.062329411282995,0.7497745265056619,0.09575799787288108,0.0581249005757848
interaction,54,Debiased-HITL,0.7156774682215825,2.124300288618021,0.7928007023705004,0.057818103099381624,0.02583528105788753
interaction,54,FE-HITL,0.7184782205893206,2.113811560302516,0.8116769095697981,0.04124351746402244,0.015498807912339083
interaction,55,DL,0.7193652440271203,2.089011528580693,0.8058283180234399,0.0351747564136945,0.047569012733936315
interaction,55,Debiased-HITL,0.7178446152097415,2.0946635719186593,0.8130146940093653,0.043246625547510464,0.0424681245276579
interaction,55,FE-HITL,0.7178446152097415,2.0946635719186593,0.8130146940093653,0.043246625547510464,0.0424681245276579
interaction,56,DL,0.7307850176037356,2.0517768619912475,0.7960618518172475,0.04763435962021134,0.03856136696808593
interaction,56,Debiased-HITL,0.683466209257161,2.2247978415888503,0.8557383055815657,0.033637914556481574,0.02327501545843691
interaction,56,FE-HITL,0.683466209257161,2.2247978415888503,0.8557383055815657,0.033637914556481574,0.02327501545843691
