bias_type,model,R2_mean,R2_std,DI_mean,DI_std,EOD_mean,EOD_std,n
interaction,DL,0.7372736116461946,0.011416515608655066,0.7915073760849881,0.052539596965816164,0.06867794769391823,0.02984086671099724,15
interaction,Debiased-HITL,0.7242745848631393,0.019454481212965523,0.8080102684405934,0.04574036839523931,0.06242480853158637,0.026491292134760768,15
interaction,FE-HITL,0.7234677860492708,0.018390356531495254,0.8329038983922994,0.0296299803685627,0.04840117073969462,0.021842038220685315,15
nonlinear,DL,0.7414296266823588,0.010719894154285429,0.8139796870829599,0.050824889462827254,0.06197112659039837,0.03011536342628102,15
nonlinear,Debiased-HITL,0.72468932459162,0.019638209144203427,0.8250740938073893,0.04436887418567039,0.05514061208935064,0.029403020688611017,15
nonlinear,FE-HITL,0.7252038749262033,0.01934955787709907,0.8338270840682314,0.03600239683499333,0.04864595156473493,0.02531929266757412,15
uniform,DL,0.7358815385330995,0.011944714359224782,0.6313978662829425,0.05466666347563246,0.14253299721049884,0.04838424248473502,15
uniform,Debiased-HITL,0.7266254528241326,0.017447635968201477,0.6865080887872079,0.0399478885175451,0.09598461754607383,0.0344806958360536,15
uniform,FE-HITL,0.703093422191374,0.02402182926379495,0.8650299006501971,0.03265622894993687,0.0188392532315048,0.013527946859878973,15
