Exp,bias,seed,model,R2,RMSE,DI,EOD,AOD
BiasSens,0.1,42,LR,0.7414023588774168,1.9617571240347964,0.9343013077952836,0.011456540447504326,0.02829227832837549
BiasSens,0.1,42,DL,0.7370560300397955,1.9781743520712787,0.9355089355089355,0.018377079747561642,0.027830708474505327
BiasSens,0.1,42,Debiased-HITL,0.7292020279482738,2.0075005028831083,0.9642195573754508,0.0022948938611589975,0.015038894097031269
BiasSens,0.1,42,FE-HITL,0.7292020279482738,2.0075005028831083,0.9642195573754508,0.0022948938611589975,0.015038894097031269
BiasSens,0.1,43,LR,0.7444742070764658,2.0288032433019016,0.8607671434631917,0.0092592592592593,0.03577355012367897
BiasSens,0.1,43,DL,0.7361937692562661,2.0614133418498968,0.85760255837693,0.012037037037037068,0.038127634710085345
BiasSens,0.1,43,Debiased-HITL,0.7359206529705775,2.0624801474183383,0.8725705984198691,0.011111111111111183,0.03054021875951453
BiasSens,0.1,43,FE-HITL,0.7359206529705775,2.0624801474183383,0.8725705984198691,0.011111111111111183,0.03054021875951453
BiasSens,0.1,44,LR,0.7327822328893234,2.0361330964397455,0.8426250177943181,0.06571590069133448,0.05686791801808104
BiasSens,0.1,44,DL,0.7222938379585916,2.075707985529629,0.8421192404727127,0.06525501108743859,0.055862958129926185
BiasSens,0.1,44,Debiased-HITL,0.7257280786899615,2.0628334841164095,0.8493300474247727,0.07075959824340183,0.05235178188032161
BiasSens,0.1,44,FE-HITL,0.7257280786899615,2.0628334841164095,0.8493300474247727,0.07075959824340183,0.05235178188032161
BiasSens,0.1,45,LR,0.7530434153615317,1.9633552143487945,0.8492173112338859,0.01713947003723426,0.030475681610756186
BiasSens,0.1,45,DL,0.7489741368481221,1.9794649197928254,0.8636578449905482,0.013274114641599,0.02122082818072099
BiasSens,0.1,45,Debiased-HITL,0.7040426329016523,2.1493302574749915,0.8663723916532905,0.023726436359386205,0.03466979642560189
BiasSens,0.1,45,FE-HITL,0.7040426329016523,2.1493302574749915,0.8663723916532905,0.023726436359386205,0.03466979642560189
BiasSens,0.1,46,LR,0.7390958498811595,2.0351921199405822,0.9291555449769632,0.07206116597642553,0.03161462857225836
BiasSens,0.1,46,DL,0.7304755082453257,2.068540539347599,0.9363028953229398,0.06667273471988344,0.028350612374186734
BiasSens,0.1,46,Debiased-HITL,0.7381917452384179,2.0387153206064355,0.9075488716661892,0.07206116597642553,0.04165736361499339
BiasSens,0.1,46,FE-HITL,0.7381917452384179,2.0387153206064355,0.9075488716661892,0.07206116597642553,0.04165736361499339
BiasSens,0.1,47,LR,0.7607205777966454,1.8981193532235419,0.7864484154507737,0.08689939407688896,0.06571361198528626
BiasSens,0.1,47,DL,0.7563121319663858,1.9155248737764579,0.7879156699572116,0.07674710981292954,0.06374097204217458
BiasSens,0.1,47,Debiased-HITL,0.7376479521577088,1.9875271543699822,0.8101882902114383,0.0613674389586818,0.06232068007971614
BiasSens,0.1,47,FE-HITL,0.7376479521577088,1.9875271543699822,0.8101882902114383,0.0613674389586818,0.06232068007971614
BiasSens,0.1,48,LR,0.7468755836119015,1.9849524095826152,0.821510775488326,0.08663014810306346,0.0405911056246131
BiasSens,0.1,48,DL,0.7410373955947129,2.007712885073099,0.821102805423479,0.07898830053425299,0.04084989638495164
BiasSens,0.1,48,Debiased-HITL,0.7388873875054149,2.016030063598754,0.823084965923574,0.07964766348819907,0.04374551453277781
BiasSens,0.1,48,FE-HITL,0.7388873875054149,2.016030063598754,0.823084965923574,0.07964766348819907,0.04374551453277781
BiasSens,0.1,49,LR,0.7479382012274174,1.9804176354857463,0.8759234024241556,0.061861211118125814,0.021042167425188676
BiasSens,0.1,49,DL,0.7412058000073688,2.0066911664075713,0.8490678008011473,0.0778490623986896,0.03372676243666732
BiasSens,0.1,49,Debiased-HITL,0.7431440239690597,1.9991625458062205,0.8783817778489262,0.06704830481000568,0.022875065183907514
BiasSens,0.1,49,FE-HITL,0.7431440239690597,1.9991625458062205,0.8783817778489262,0.06704830481000568,0.022875065183907514
BiasSens,0.1,50,LR,0.7560845358470101,1.998373587392597,0.8237860176787969,0.04463023448544834,0.044685732069379834
BiasSens,0.1,50,DL,0.7526294425440605,2.0124774242772365,0.8341687798549272,0.05043955865386185,0.03710121420893302
BiasSens,0.1,50,Debiased-HITL,0.7346722205702587,2.0842431100213203,0.8268474248017914,0.051146427468759637,0.040544251394016455
BiasSens,0.1,50,FE-HITL,0.7346722205702587,2.0842431100213203,0.8268474248017914,0.051146427468759637,0.040544251394016455
BiasSens,0.1,51,LR,0.7560178722277923,1.956655739685166,0.9824745053015467,0.012885681785866576,0.018816991564956295
BiasSens,0.1,51,DL,0.7457235295191909,1.9975078799263626,0.9583103896829386,0.0044877719323189735,0.004575535746879245
BiasSens,0.1,51,Debiased-HITL,0.7402698909169056,2.0188151859573376,0.9608374227264037,0.00401677804635292,0.005926456771031444
BiasSens,0.1,51,FE-HITL,0.7402698909169056,2.0188151859573376,0.9608374227264037,0.00401677804635292,0.005926456771031444
BiasSens,0.1,52,LR,0.7311727013705784,2.012554799735668,0.959747119078105,0.0024875621890546595,0.0022747374239911883
BiasSens,0.1,52,DL,0.72479957518587,2.036271020517416,0.9765258215962441,0.007518586841075536,0.0051295954683511225
BiasSens,0.1,52,Debiased-HITL,0.7273265466511177,2.026900639978316,0.9564585959335782,0.001201855889093828,0.003378705722324696
BiasSens,0.1,52,FE-HITL,0.7273265466511177,2.026900639978316,0.9564585959335782,0.001201855889093828,0.003378705722324696
BiasSens,0.1,53,LR,0.7486462300492308,1.9967190938064459,0.8207712099221532,0.04171249603847793,0.054724399985320936
BiasSens,0.1,53,DL,0.7418325409938232,2.02360162441645,0.8459119496855345,0.03601722562964904,0.039186599347370864
BiasSens,0.1,53,Debiased-HITL,0.7335116153581899,2.055954084578299,0.8459119496855345,0.028140787830204572,0.04862023180686385
BiasSens,0.1,53,FE-HITL,0.7335116153581899,2.055954084578299,0.8459119496855345,0.028140787830204572,0.04862023180686385
BiasSens,0.1,54,LR,0.7366961309090619,2.0422254678339686,0.8313451254627725,0.05010086191087482,0.030554316800768033
BiasSens,0.1,54,DL,0.731231167796063,2.0633101735084196,0.822608695652174,0.04832202457362922,0.03491822127309736
BiasSens,0.1,54,Debiased-HITL,0.7153120553684865,2.123535892145194,0.8431372549019608,0.04164679992664588,0.01900151182470656
BiasSens,0.1,54,FE-HITL,0.7153120553684865,2.123535892145194,0.8431372549019608,0.04164679992664588,0.01900151182470656
BiasSens,0.1,55,LR,0.7272245529894121,2.061162380587595,0.9060930157186841,0.014545581998527957,0.012205056801095002
BiasSens,0.1,55,DL,0.719458148286582,2.0902989328940076,0.892096275817206,0.01883915740773201,0.019613491071691413
BiasSens,0.1,55,Debiased-HITL,0.7198005429172867,2.0890229634868644,0.9023297491039426,0.010374680172444029,0.014232642609785406
BiasSens,0.1,55,FE-HITL,0.7198005429172867,2.0890229634868644,0.9023297491039426,0.010374680172444029,0.014232642609785406
BiasSens,0.1,56,LR,0.7355590627663868,2.0335018313310744,0.8970849294590302,0.01895368782161233,0.0053456963698225585
BiasSens,0.1,56,DL,0.7304505411172778,2.0530496683677804,0.8822113666150364,0.015660377358490574,0.011600680482523967
BiasSens,0.1,56,Debiased-HITL,0.7222059081107662,2.0842112053729953,0.8894276455252065,0.016003430531732477,0.006600075921603943
BiasSens,0.1,56,FE-HITL,0.7222059081107662,2.0842112053729953,0.8894276455252065,0.016003430531732477,0.006600075921603943
BiasSens,0.1,57,LR,0.7625894896407125,1.9736000651172296,0.8445276223359924,0.033524531725970586,0.05766655861456868
BiasSens,0.1,57,DL,0.7544201568407302,2.0072688214549808,0.8498550206101807,0.03893641843282136,0.054927392889880064
BiasSens,0.1,57,Debiased-HITL,0.7583653039295446,1.9910805372025613,0.8586445387078323,0.022716961565882432,0.049993245033469004
BiasSens,0.1,57,FE-HITL,0.7583653039295446,1.9910805372025613,0.8586445387078323,0.022716961565882432,0.049993245033469004
BiasSens,0.1,58,LR,0.7673226309751013,1.9540924326820814,0.9183511087178415,0.011017442856653292,0.017234896614558334
BiasSens,0.1,58,DL,0.7603415504127768,1.9831903631711136,0.9096766013424094,0.010751859086391868,0.022226687313552984
BiasSens,0.1,58,Debiased-HITL,0.7631704197936179,1.9714510728310115,0.931566021495187,0.007881840923888883,0.010855039821478646
BiasSens,0.1,58,FE-HITL,0.7631704197936179,1.9714510728310115,0.931566021495187,0.007881840923888883,0.010855039821478646
BiasSens,0.1,59,LR,0.722160066138762,2.0273949009964536,0.8268131868131868,0.09281374397653464,0.08727676173083772
BiasSens,0.1,59,DL,0.7126981279355376,2.0616277171186734,0.8370390829995858,0.08899015294364132,0.0829634798890708
BiasSens,0.1,59,Debiased-HITL,0.7042359276483198,2.091769012734879,0.8432115551791007,0.06814372512046929,0.06993595141522868
BiasSens,0.1,59,FE-HITL,0.7042359276483198,2.091769012734879,0.8432115551791007,0.06814372512046929,0.06993595141522868
BiasSens,0.1,60,LR,0.7379519231589291,1.9933066643096742,0.8756708407871198,0.015587529976019199,0.03135119371607978
BiasSens,0.1,60,DL,0.7254614939703778,2.0402588171877336,0.8781117182756527,0.025215122020030956,0.030562604869664597
BiasSens,0.1,60,Debiased-HITL,0.7357192032996973,2.0017804065075606,0.8813626460685284,0.013788968824939962,0.02899563572825946
BiasSens,0.1,60,FE-HITL,0.7357192032996973,2.0017804065075606,0.8813626460685284,0.013788968824939962,0.02899563572825946
BiasSens,0.1,61,LR,0.7354276845903873,1.9982738560710998,0.938921068557102,0.0732908308713005,0.03766494846326954
BiasSens,0.1,61,DL,0.7292765053818476,2.0213698382773315,0.9556791371755984,0.04683045664230545,0.0299218618493496
BiasSens,0.1,61,Debiased-HITL,0.7262845298518528,2.032509009679452,0.9762075134168158,0.05151263843535647,0.018348295974075488
BiasSens,0.1,61,FE-HITL,0.7262845298518528,2.032509009679452,0.9762075134168158,0.05151263843535647,0.018348295974075488
BiasSens,0.1,62,LR,0.7469444612067009,1.9762950217217232,0.7840928611745074,0.06657724329324699,0.05525183263246735
BiasSens,0.1,62,DL,0.7425262803177759,1.9934727645063157,0.7907680391160167,0.08233117483811281,0.0544825324050698
BiasSens,0.1,62,Debiased-HITL,0.7288354372761603,2.045786551783344,0.7941961090506865,0.06186864014801108,0.04434027073942895
BiasSens,0.1,62,FE-HITL,0.7287341975072634,2.046168415157301,0.7895243672327413,0.06718778908418133,0.046999845207514074
BiasSens,0.1,63,LR,0.749938063437957,2.0252914055014237,0.8938969764837627,0.05337581672985403,0.03037935439344025
BiasSens,0.1,63,DL,0.7442870674044997,2.048047717698308,0.8943210262828535,0.05644914092119058,0.031729322666976825
BiasSens,0.1,63,Debiased-HITL,0.7317849249493289,2.0975161651581713,0.8916788698423637,0.047398564168750434,0.02864242532945329
BiasSens,0.1,63,FE-HITL,0.7317849249493289,2.0975161651581713,0.8916788698423637,0.047398564168750434,0.02864242532945329
BiasSens,0.1,64,LR,0.7363329985046914,1.9914018590549238,0.8126623689021456,0.041171569337777214,0.03732961358914921
BiasSens,0.1,64,DL,0.730109232375845,2.014767943820107,0.823777320395962,0.04939501521518619,0.031775148799312786
BiasSens,0.1,64,Debiased-HITL,0.7113341943569564,2.0836688009671955,0.8142159522517635,0.03225981741776551,0.026734967207753833
BiasSens,0.1,64,FE-HITL,0.7113341943569564,2.0836688009671955,0.8142159522517635,0.03225981741776551,0.026734967207753833
BiasSens,0.1,65,LR,0.7655175564257782,1.9643588310120437,0.8267594740912607,0.02308127639197255,0.026035694693161415
BiasSens,0.1,65,DL,0.7553322874436831,2.0065684935431327,0.831021120864927,0.03167472029950802,0.02199908331359582
BiasSens,0.1,65,Debiased-HITL,0.7508669649421685,2.0247962013639462,0.840094304318539,0.040024378564276764,0.02474382770021749
BiasSens,0.1,65,FE-HITL,0.7508669649421685,2.0247962013639462,0.840094304318539,0.040024378564276764,0.02474382770021749
BiasSens,0.1,66,LR,0.7267646761125387,2.024343135328088,0.8246977439077977,0.04876712328767119,0.03819685576253757
BiasSens,0.1,66,DL,0.7214295080420254,2.044011160381771,0.8336781186145978,0.05534246575342461,0.03301093858764188
BiasSens,0.1,66,Debiased-HITL,0.7204100390360642,2.0477479219361316,0.8352613928822108,0.03808219178082195,0.03093101994195191
BiasSens,0.1,66,FE-HITL,0.7204100390360642,2.0477479219361316,0.8352613928822108,0.03808219178082195,0.03093101994195191
BiasSens,0.1,67,LR,0.7496012039004318,1.9603448850331684,0.8072858329333058,0.04909479709306064,0.048569265357770945
BiasSens,0.1,67,DL,0.7394056745936779,1.9998565410929532,0.8320758823985154,0.04401408450704225,0.03894930302879898
BiasSens,0.1,67,Debiased-HITL,0.7430418525598894,1.9858551242846696,0.8158448716175035,0.04909479709306064,0.04779218033021153
BiasSens,0.1,67,FE-HITL,0.7431229293526378,1.9855418058155445,0.823689533844595,0.039705125731558266,0.04309734464946034
BiasSens,0.1,68,LR,0.7457156171027698,2.0341739819203886,0.9253822629969419,0.03287252005065433,0.010708058063332249
BiasSens,0.1,68,DL,0.7435343487362074,2.042879991530946,0.8758730158730159,0.04446320529055858,0.03266756340538082
BiasSens,0.1,68,Debiased-HITL,0.7411687824868639,2.052279838012504,0.9218455743879472,0.012944983818770295,0.011111649486390013
BiasSens,0.1,68,FE-HITL,0.7411687824868639,2.052279838012504,0.9218455743879472,0.012944983818770295,0.011111649486390013
BiasSens,0.1,69,LR,0.731570355448866,2.058582682332201,0.8925189469805002,0.04682077975096954,0.023720331793218544
BiasSens,0.1,69,DL,0.7234634655309231,2.089437259125967,0.8793542397934587,0.04896407430087768,0.03180600712428483
BiasSens,0.1,69,Debiased-HITL,0.7204761829379354,2.1006925050603544,0.8966290438262053,0.051260461318636485,0.025023084162935652
BiasSens,0.1,69,FE-HITL,0.7204761829379354,2.1006925050603544,0.8966290438262053,0.051260461318636485,0.025023084162935652
BiasSens,0.1,70,LR,0.7424986377885813,2.0184201603208427,0.7992094988672698,0.06819625277865993,0.062268339155287414
BiasSens,0.1,70,DL,0.7376630422301322,2.0372838800161257,0.8076659375102027,0.055784905260929385,0.05619032497089022
BiasSens,0.1,70,Debiased-HITL,0.7101199215329039,2.1415636909536118,0.7826674951569867,0.07544723192547897,0.058298084047845866
BiasSens,0.1,70,FE-HITL,0.710722179919238,2.139337864830458,0.7972513615263715,0.06549698316926011,0.051195300095268355
BiasSens,0.1,71,LR,0.754613927299757,2.0038214747084213,0.8097420391193424,0.07696499244785193,0.03831586237907722
BiasSens,0.1,71,DL,0.7492322604463052,2.0256756340067885,0.8252261893180269,0.06958491864711391,0.026475915612469744
BiasSens,0.1,71,Debiased-HITL,0.7405038268361952,2.0606277799918034,0.7913132345426673,0.10039577079708628,0.042422901683214345
BiasSens,0.1,71,FE-HITL,0.740284055026994,2.061500186017955,0.7868676545733265,0.10039577079708628,0.044324042367624994
BiasSens,0.2,42,LR,0.7390851812758733,1.961407505678808,0.8034188034188035,0.054807692307692335,0.05745192307692309
BiasSens,0.2,42,DL,0.7352234835047855,1.9758692028735165,0.8226161858974359,0.0346153846153846,0.04637920673076922
BiasSens,0.2,42,Debiased-HITL,0.7281463141464174,2.0021014163187796,0.8143252238316223,0.044230769230769296,0.057256610576923106
BiasSens,0.2,42,FE-HITL,0.7281463141464174,2.0021014163187796,0.8143252238316223,0.044230769230769296,0.057256610576923106
BiasSens,0.2,43,LR,0.7411126045351937,2.0310806618419868,0.7349335093841365,0.0638694638694639,0.06068076018527463
BiasSens,0.2,43,DL,0.7328987657613388,2.0630495811729284,0.7232927185735605,0.07121897710133007,0.06958564232422026
BiasSens,0.2,43,Debiased-HITL,0.7338492276544843,2.0593756979069706,0.7690873537375114,0.048484848484848464,0.04128555508207567
BiasSens,0.2,43,FE-HITL,0.7345911709928179,2.0565032538299555,0.8348916192979401,0.007459207459207473,0.005735140584292767
BiasSens,0.2,44,LR,0.7293670250302495,2.038694528024805,0.695580977158817,0.1490688152159556,0.11932544436132055
BiasSens,0.2,44,DL,0.7200267042820058,2.073576709800828,0.7183217817060374,0.12639457579359836,0.09992543410388109
BiasSens,0.2,44,Debiased-HITL,0.7230852138122539,2.062219430205871,0.7414840418861298,0.11323911416369481,0.090130945914744
BiasSens,0.2,44,FE-HITL,0.7207327758847016,2.0709603569155073,0.8326161587659894,0.06348787038260029,0.04046193559444468
BiasSens,0.2,45,LR,0.7514000910130825,1.962848345996794,0.7358657243816253,0.06944768522119371,0.0686443689389323
BiasSens,0.2,45,DL,0.7473203657764291,1.9788887678529077,0.7646925858951177,0.06837606837606836,0.05135886046948952
BiasSens,0.2,45,Debiased-HITL,0.7271942566299685,2.0561889377411413,0.7358414239482202,0.08339598835048789,0.08400926208304114
BiasSens,0.2,45,FE-HITL,0.7150485581047996,2.101462735137955,0.8424352750809061,0.010932220234545875,0.018473348721040825
BiasSens,0.2,46,LR,0.7367122943565831,2.0368440306817304,0.7802524127691165,0.12259364993634503,0.07085265311470532
BiasSens,0.2,46,DL,0.7278365335990657,2.0708917523078934,0.8203387752600069,0.09783573164615567,0.05134468271766085
BiasSens,0.2,46,Debiased-HITL,0.7312780595730443,2.057756811980924,0.7985615849099081,0.11106824582384944,0.06382921778872874
BiasSens,0.2,46,FE-HITL,0.7313688655301513,2.0574091061614395,0.7901111977680043,0.11617028664017592,0.06835652278187221
BiasSens,0.2,47,LR,0.7587127729472101,1.899944014542379,0.6762472688644512,0.1302820799243225,0.09807967072491897
BiasSens,0.2,47,DL,0.7551148784117518,1.9140568706816226,0.6914717913720486,0.1174108625426441,0.08875141311901094
BiasSens,0.2,47,Debiased-HITL,0.7404902063471528,1.9703823736615922,0.7149979858783471,0.1005947528907406,0.08580558104956577
BiasSens,0.2,47,FE-HITL,0.7209835294811644,2.043094985976657,0.8636211627182282,0.023246686592398036,0.003238418129402121
BiasSens,0.2,48,LR,0.7453880790896186,1.9866187760536067,0.7164021605863797,0.12937592352737293,0.06599418079557567
BiasSens,0.2,48,DL,0.7400913899472323,2.007176217185995,0.6894506526434406,0.12064687961763687,0.07989687393408841
BiasSens,0.2,48,Debiased-HITL,0.7380262709765866,2.015134507857142,0.7322229606246884,0.12065600087564077,0.059680846327796244
BiasSens,0.2,48,FE-HITL,0.7305359666557054,2.043739656818278,0.8261980999561993,0.06306437783899155,0.006987975985942224
BiasSens,0.2,49,LR,0.7472726786452967,1.9807622809590542,0.7181182048184532,0.12384997774150464,0.06970802334438429
BiasSens,0.2,49,DL,0.741567539419683,2.0029946598040933,0.7126384752829065,0.12915491912746702,0.06776180416771684
BiasSens,0.2,49,Debiased-HITL,0.7403635279398105,2.0076551157662945,0.7650618433302301,0.10659964386407472,0.04783267444312053
BiasSens,0.2,49,FE-HITL,0.7264040738347579,2.0609197130180736,0.9063040297911957,0.025077904733640022,0.034266777799262155
BiasSens,0.2,50,LR,0.7543525001350919,1.9998254194660792,0.7142231228435292,0.09120400094616965,0.07529197481403684
BiasSens,0.2,50,DL,0.7515146867153911,2.0113436215473093,0.7276674937965261,0.09906058865272194,0.06428212983746719
BiasSens,0.2,50,Debiased-HITL,0.6985383581418396,2.215398922823292,0.7117404351087772,0.09532659750616701,0.06026841193234964
BiasSens,0.2,50,FE-HITL,0.7049317928532247,2.1917808045426157,0.7980120030007501,0.03592065691210755,0.015356316160034744
BiasSens,0.2,51,LR,0.7535560427401484,1.956646006924136,0.8279164436659693,0.0543165467625899,0.03492881066535708
BiasSens,0.2,51,DL,0.743627852315053,1.99566938421979,0.868933242422364,0.03154399557277254,0.016247827262006062
BiasSens,0.2,51,Debiased-HITL,0.7342499801275761,2.0318415018489433,0.8583344759815348,0.04053680132816828,0.023700018323003114
BiasSens,0.2,51,FE-HITL,0.7342499801275761,2.0318415018489433,0.8583344759815348,0.04053680132816828,0.023700018323003114
BiasSens,0.2,52,LR,0.72669511754398,2.014815352898071,0.857275278729047,0.003546403546403454,0.021043314897123383
BiasSens,0.2,52,DL,0.7209385120457454,2.035923752556646,0.8013581488933601,0.039124839124839106,0.05256161470400147
BiasSens,0.2,52,Debiased-HITL,0.7080148693516626,2.082533154352735,0.7927761883802817,0.032804232804232836,0.04815743944301786
BiasSens,0.2,52,FE-HITL,0.7078329368301369,2.0831818543506886,0.7927761883802817,0.032804232804232836,0.04815743944301786
BiasSens,0.2,53,LR,0.7480021107887709,1.9977566218930918,0.7110769912625048,0.13987247320580654,0.09724224904018915
BiasSens,0.2,53,DL,0.7425674818448279,2.019183691155961,0.6682849998376253,0.1734500067833401,0.11846768471463356
BiasSens,0.2,53,Debiased-HITL,0.7340358988096478,2.0523699060090164,0.7709577262956772,0.0691900691900692,0.06708460253736197
BiasSens,0.2,53,FE-HITL,0.7171283163609419,2.1166003569819005,0.8914198710293767,0.0022385022385021935,0.0037536501190724852
BiasSens,0.2,54,LR,0.7347132071843034,2.043330173208192,0.7343453510436432,0.09215373459028287,0.056787611096794324
BiasSens,0.2,54,DL,0.7294112201841138,2.0636480222072806,0.7359826873893369,0.08347111433405852,0.05657853237364083
BiasSens,0.2,54,Debiased-HITL,0.7107407401638766,2.1336558398930983,0.7597673397717296,0.06255740875030213,0.031262175449531235
BiasSens,0.2,54,FE-HITL,0.7146169969690223,2.119311453815443,0.8069578577699736,0.03970026589315934,0.007833604020959839
BiasSens,0.2,55,LR,0.7251770277404253,2.0626095190680167,0.7518303843807199,0.06137585924422129,0.07392268910640729
BiasSens,0.2,55,DL,0.7180173233613376,2.089304385655353,0.7518025078369907,0.06446557680663889,0.07032566213678294
BiasSens,0.2,55,Debiased-HITL,0.7172576815544492,2.09211671355272,0.7797738888028496,0.038955372725006265,0.05656069710071299
BiasSens,0.2,55,FE-HITL,0.716018056621335,2.0966979231678944,0.8167105466935108,0.013445168643373528,0.0356088737484212
BiasSens,0.2,56,LR,0.7329246403292251,2.0340691889431417,0.7879238816738818,0.041760846794200335,0.035582854637126446
BiasSens,0.2,56,DL,0.72862871250336,2.050363008635906,0.739639121940007,0.07427825863241266,0.05919864306820107
BiasSens,0.2,56,Debiased-HITL,0.6800805370975116,2.2262254405885677,0.8595665609662498,0.007607916643695978,0.006917322319469926
BiasSens,0.2,56,FE-HITL,0.6722290375711746,2.253377993008059,0.8910141180747714,0.0027013617068195606,0.011297018348325139
BiasSens,0.2,57,LR,0.7596415405197676,1.976074914565339,0.7285716369577268,0.07749930958298812,0.09012203972873255
BiasSens,0.2,57,DL,0.7520693485230047,2.0069604301147654,0.7479428821927259,0.06631455399061026,0.0818518376647612
BiasSens,0.2,57,Debiased-HITL,0.7346638690500857,2.0762129480478273,0.8026253588287282,0.01981496824081741,0.0566606221957225
BiasSens,0.2,57,FE-HITL,0.7226040555420951,2.122871725786264,0.8957872308356342,0.024302678818006074,0.0006017986663107711
BiasSens,0.2,58,LR,0.7636646540615126,1.957147127562124,0.7693923723335488,0.07691190355145616,0.06620641073193055
BiasSens,0.2,58,DL,0.757309966925149,1.9832849018718128,0.7884538950715421,0.05828309971675494,0.055851161712560535
BiasSens,0.2,58,Debiased-HITL,0.7578354077743491,1.9811367634512242,0.7856758087850525,0.03585953954535548,0.05480198325287706
BiasSens,0.2,58,FE-HITL,0.7581883199671149,1.9796926583758672,0.7978883861236802,0.03585953954535548,0.048704422277267304
BiasSens,0.2,59,LR,0.7186290029415445,2.0305624417173513,0.7237850177991023,0.12903860251390153,0.10595196417955753
BiasSens,0.2,59,DL,0.7088284751139307,2.065623352010543,0.7081827882509313,0.13222120903288093,0.11949545867410699
BiasSens,0.2,59,Debiased-HITL,0.7141470330544801,2.0466710019341754,0.7506892400885333,0.1077795061595952,0.09031033580912126
BiasSens,0.2,59,FE-HITL,0.7143809659948249,2.045833365428323,0.831844833611618,0.07379892363532337,0.047215626876302624
BiasSens,0.2,60,LR,0.7359279675789223,1.9934173151931147,0.7741733948481353,0.03771107306824373,0.044110516613803136
BiasSens,0.2,60,DL,0.7257388422541421,2.0315109838989813,0.7629789272030651,0.04900396856275768,0.05276493248855016
BiasSens,0.2,60,Debiased-HITL,0.7301395744328072,2.015146491529448,0.7919862340216322,0.018344875885145107,0.03242741802225382
BiasSens,0.2,60,FE-HITL,0.730692609475311,2.013080575087046,0.7919862340216322,0.018344875885145107,0.03242741802225382
BiasSens,0.2,61,LR,0.730341464175029,2.0018187819282103,0.8622186965053651,0.06792349726775948,0.040408381363580145
BiasSens,0.2,61,DL,0.722630445527751,2.030238541713825,0.8570092697999675,0.06520947176684877,0.04526016440716636
BiasSens,0.2,61,Debiased-HITL,0.7229428090468352,2.0290950292205725,0.8834183452926428,0.052887067395264054,0.027386536284630267
BiasSens,0.2,61,FE-HITL,0.7229428090468352,2.0290950292205725,0.8834183452926428,0.052887067395264054,0.027386536284630267
BiasSens,0.2,62,LR,0.7457502888664995,1.9773683650650096,0.6806404044659784,0.10679948458717414,0.08532096389653351
BiasSens,0.2,62,DL,0.7418945042529304,1.9923056826040968,0.6755819013678652,0.10679948458717414,0.08620913572926389
BiasSens,0.2,62,Debiased-HITL,0.7314479231387605,2.032224137829659,0.6891024442533249,0.08044404797303994,0.06755164166521363
BiasSens,0.2,62,FE-HITL,0.7286527108158705,2.0427729169438913,0.8278178713432799,0.021964515809297258,0.003354791083324385
BiasSens,0.2,63,LR,0.7467010432323664,2.0269984016701645,0.7936091989987484,0.0880432819260113,0.048894243956694235
BiasSens,0.2,63,DL,0.7410786081894234,2.04937140472338,0.7807422417351496,0.09671342926690807,0.06100774920515667
BiasSens,0.2,63,Debiased-HITL,0.7373134006246889,2.064218494718686,0.7808755196869651,0.09762517095156586,0.05201262416642705
BiasSens,0.2,63,FE-HITL,0.7371266841763742,2.0649519829929206,0.7766772642047771,0.09762517095156586,0.05394312609692899
BiasSens,0.2,64,LR,0.7362709631823396,1.990964160528559,0.6741067328005877,0.11929001753984603,0.08472167128325968
BiasSens,0.2,64,DL,0.7294662305091748,2.0164859942701905,0.6949803333957669,0.09437199725463286,0.06758083855001973
BiasSens,0.2,64,Debiased-HITL,0.6851582031565667,2.1753575986661975,0.6629408572978839,0.10947151681537404,0.06525960026280793
BiasSens,0.2,64,FE-HITL,0.6877713246674441,2.1663112808278533,0.7252306022788931,0.08287577213452291,0.03628228541367156
BiasSens,0.2,65,LR,0.7638891272491066,1.9659927939540336,0.6992493064453449,0.0821614178055704,0.06713197377127239
BiasSens,0.2,65,DL,0.7523042424479962,2.0136464115784207,0.7539361007257092,0.05082859379568583,0.03082558857149008
BiasSens,0.2,65,Debiased-HITL,0.7451421536202387,2.0425511114533395,0.7440835266821346,0.07536100657404532,0.055799116119993
BiasSens,0.2,65,FE-HITL,0.7354671498618361,2.0809600078889052,0.8203997858290202,0.018863831432802347,0.007865489179292778
BiasSens,0.2,66,LR,0.7260714394879737,2.0252141416483327,0.7053477344573236,0.055046736016885256,0.057497017547309556
BiasSens,0.2,66,DL,0.7216522653556231,2.041484746021492,0.7219853317414293,0.04343811246796325,0.04651129298274012
BiasSens,0.2,66,Debiased-HITL,0.7222010782410481,2.039471174858478,0.7268849001951255,0.029709407507914953,0.042691601156072276
BiasSens,0.2,66,FE-HITL,0.7174323464489588,2.056901601331137,0.843705687726485,0.03847241067390317,0.02104357670954035
BiasSens,0.2,67,LR,0.7475420113828776,1.96243672777766,0.6825306241139908,0.10935866155454854,0.08280365812670817
BiasSens,0.2,67,DL,0.7361465794964425,2.006238076590288,0.695539030806853,0.08274660160334613,0.07769427888940822
BiasSens,0.2,67,Debiased-HITL,0.7380935989341968,1.9988221838271045,0.7301501876448597,0.07222028581387252,0.056442486098636294
BiasSens,0.2,67,FE-HITL,0.7223491130148503,2.0580249568798163,0.9070422434144907,0.017253398396653852,0.045765620374443
BiasSens,0.2,68,LR,0.7434110069887667,2.035275956396662,0.7752613240418119,0.05369906247099232,0.0560349620268061
BiasSens,0.2,68,DL,0.7411618487559051,2.0441767082559856,0.7466748516472275,0.06408614127912371,0.06385547888093035
BiasSens,0.2,68,Debiased-HITL,0.7362439837688377,2.063504775291336,0.7886593204775023,0.07486308363501348,0.05871954432488867
BiasSens,0.2,68,FE-HITL,0.7349453648484856,2.0685784339933115,0.8295224977043159,0.0485472941613293,0.03523107107564989
BiasSens,0.2,69,LR,0.7290646853430802,2.0594712421447827,0.765325844872664,0.09089690426824915,0.06313306221003899
BiasSens,0.2,69,DL,0.7202279618928311,2.0927872327786314,0.7482420573734605,0.09949417316079223,0.07571327015527533
BiasSens,0.2,69,Debiased-HITL,0.720004381093407,2.093623294882341,0.785385652326808,0.08353292342889829,0.05919227261852092
BiasSens,0.2,69,FE-HITL,0.7149003049524618,2.112619578560715,0.86623417536045,0.04799992850504042,0.013647997378814211
BiasSens,0.2,70,LR,0.7409813291476144,2.018519580719514,0.707175018825012,0.11409383487740443,0.08981234953746764
BiasSens,0.2,70,DL,0.7365662059434768,2.0356503058393494,0.7300243080059593,0.09487666034155595,0.07408853593209484
BiasSens,0.2,70,Debiased-HITL,0.7174963754358731,2.1080428939281637,0.7174861698106725,0.10557353871339803,0.06977442367768666
BiasSens,0.2,70,FE-HITL,0.720952586296441,2.095108082450601,0.8454454867195823,0.02492837742307552,0.003451843032525409
BiasSens,0.2,71,LR,0.7526552387743288,2.005650686002025,0.6955866228070176,0.1361161524500908,0.07599544045907357
BiasSens,0.2,71,DL,0.7474250960297046,2.0267446555220188,0.6615817126002398,0.16333938294010886,0.09568505550268142
BiasSens,0.2,71,Debiased-HITL,0.7426764275539599,2.0457083802449167,0.7133248232521602,0.12462189957652758,0.05604233816166157
BiasSens,0.2,71,FE-HITL,0.7420936057504731,2.0480237707236273,0.8072957580518461,0.06715063520871145,0.00603011023307265
BiasSens,0.3,42,LR,0.7390589691657332,1.9621041836391304,0.6721952149461442,0.11576389449060254,0.09052557779125447
BiasSens,0.3,42,DL,0.7337984205661131,1.98178342088307,0.6832215403643975,0.09773533919496658,0.08225766474075673
BiasSens,0.3,42,Debiased-HITL,0.726449293000013,2.0089530984502884,0.6929309116809117,0.08765225457772052,0.0859225190267113
BiasSens,0.3,42,FE-HITL,0.7074845905950169,2.0774245114150385,0.8652065527065528,0.010173832378801317,0.010525735719155258
BiasSens,0.3,43,LR,0.739977657997692,2.0336872828186703,0.6247364615443164,0.13530540093275167,0.1027866503633977
BiasSens,0.3,43,DL,0.7318860424921627,2.065087945623362,0.5838849988198668,0.16396494659244776,0.12975963329215173
BiasSens,0.3,43,Debiased-HITL,0.7290665432838459,2.0759178300223273,0.6514563220226111,0.09429065743944631,0.0804663934275863
BiasSens,0.3,43,FE-HITL,0.7214118420879735,2.1050390945608974,0.8578182625390902,0.04157890777794504,0.034399797123347634
BiasSens,0.3,44,LR,0.7284563926698897,2.0411010195135213,0.6178741332784318,0.19796117300877303,0.14056137107885458
BiasSens,0.3,44,DL,0.7202409678601043,2.071747228282759,0.6156133064838465,0.21130738186555398,0.13659617763490464
BiasSens,0.3,44,Debiased-HITL,0.7227941912777087,2.062271648780501,0.6658617250249357,0.13961136568612265,0.10500348869412515
BiasSens,0.3,44,FE-HITL,0.7041855284801821,2.1303669513578454,0.8481810068770014,0.038007087611256374,0.001466974656692016
BiasSens,0.3,45,LR,0.7521473222250792,1.962316404897455,0.6338983050847457,0.10492466531169198,0.09041954452610133
BiasSens,0.3,45,DL,0.7481813839880358,1.9779537995039371,0.6604729729729729,0.11183312817870406,0.07822827584205756
BiasSens,0.3,45,Debiased-HITL,0.740612063018588,2.0074609891003092,0.6661977491961414,0.10804492409278721,0.08271219881066454
BiasSens,0.3,45,FE-HITL,0.7090370524364508,2.1261361450540006,0.8199356913183279,0.003072548402179409,0.01325224990420458
BiasSens,0.3,46,LR,0.7366121083855024,2.0389607974843216,0.6723451641946643,0.14293059644311812,0.09986579078854521
BiasSens,0.3,46,DL,0.7280833889440245,2.071709427498679,0.7018214943278536,0.1281808283260072,0.08949396301912062
BiasSens,0.3,46,Debiased-HITL,0.7284054333070639,2.070482249795627,0.7177234737667134,0.1152558777271444,0.07806130879324788
BiasSens,0.3,46,FE-HITL,0.7147899819861989,2.121745847644477,0.868608522229034,0.03790781142880195,0.0035231721171173763
BiasSens,0.3,47,LR,0.7590356332909788,1.9012988062818126,0.5647832298882173,0.16885964912280693,0.1350999757654356
BiasSens,0.3,47,DL,0.7556290139320443,1.9146913874246902,0.5780526401526611,0.1741228070175438,0.1281702330775604
BiasSens,0.3,47,Debiased-HITL,0.7508458936674322,1.9333388930186919,0.6339054898717862,0.12337092731829569,0.10411966190443439
BiasSens,0.3,47,FE-HITL,0.7064236452615713,2.0986233466164435,0.8819554641694418,0.013533834586466176,0.03705999177521928
BiasSens,0.3,48,LR,0.7461175115558898,1.9886381322850908,0.6060475161987041,0.13747203579418354,0.08778972439087497
BiasSens,0.3,48,DL,0.7410495583019031,2.008388461613559,0.5795656547810065,0.15900955867398814,0.10585961657390225
BiasSens,0.3,48,Debiased-HITL,0.7257203412183872,2.0669795973275833,0.6772129725684937,0.10100671140939588,0.060943325876211735
BiasSens,0.3,48,FE-HITL,0.6769339494993631,2.2432880909768986,0.888842026496148,0.020205409802725338,0.06677682868958043
BiasSens,0.3,49,LR,0.7487163028164534,1.9819994094410478,0.6149211724092438,0.16646466176804786,0.10232302637274573
BiasSens,0.3,49,DL,0.7431571380040514,2.0038034241520646,0.5871905395951345,0.20413226270737062,0.11710372533864771
BiasSens,0.3,49,Debiased-HITL,0.740544080237485,2.013970737712438,0.6851465559880432,0.12483902734641306,0.06747120540252984
BiasSens,0.3,49,FE-HITL,0.7005013350845584,2.1638084352240288,0.9211414808283692,0.0030679493977728844,0.07167025289437516
BiasSens,0.3,50,LR,0.7547375371120981,2.0013454509246658,0.6107171420954411,0.14903093883357033,0.10402366613809663
BiasSens,0.3,50,DL,0.7511402448095816,2.0159690049057066,0.6090889276373147,0.14715504978662874,0.10252951552563287
BiasSens,0.3,50,Debiased-HITL,0.7437510577484863,2.0456793279760364,0.6523233827995187,0.11496266002844957,0.06591224336317092
BiasSens,0.3,50,FE-HITL,0.7371341316575082,2.071923018798977,0.8420901850684696,0.025577880512090978,0.04364374119281364
BiasSens,0.3,51,LR,0.753127306531165,1.9577460837166496,0.6727024496801374,0.12219476025704401,0.08263296065286657
BiasSens,0.3,51,DL,0.744922937365989,1.9900112875420775,0.7490380767691692,0.07768660405338612,0.04207363910534474
BiasSens,0.3,51,Debiased-HITL,0.7366330140196057,2.022090100392787,0.7554757144360428,0.08235294117647052,0.043376845120070465
BiasSens,0.3,51,FE-HITL,0.718878449082966,2.089136930070385,0.8946422934111032,0.0023529411764705577,0.035948997576558714
BiasSens,0.3,52,LR,0.7247843377531318,2.017055769920394,0.698089773207144,0.053731890702365614,0.06672869044922203
BiasSens,0.3,52,DL,0.7196147095500658,2.0359117388895354,0.6907196604283233,0.060079059437210924,0.0759807061891937
BiasSens,0.3,52,Debiased-HITL,0.7065763296094523,2.082710498171475,0.7108440114370433,0.02125231778633585,0.04925360987356009
BiasSens,0.3,52,FE-HITL,0.7105690419225998,2.0684919001108995,0.8387959334957111,0.0255313079446583,0.011393104952721306
BiasSens,0.3,53,LR,0.7493860918995151,1.9991307872138193,0.5795807811874788,0.21612252345074812,0.139674661802386
BiasSens,0.3,53,DL,0.7445497868300837,2.0183280582856367,0.5602250474029405,0.2247515401292206,0.1496495475001128
BiasSens,0.3,53,Debiased-HITL,0.7350147754648569,2.0556513237917695,0.6471814761890875,0.13938437761607314,0.10473262007488293
BiasSens,0.3,53,FE-HITL,0.6898450866085017,2.2239650387411998,0.8942871307340119,0.024137634962543175,0.046839706969142206
BiasSens,0.3,54,LR,0.7349423353844051,2.0450909379296816,0.6498326159732186,0.125019427434646,0.07761960382721311
BiasSens,0.3,54,DL,0.7300888126231901,2.0637300291535756,0.6131907308377897,0.1474827225347881,0.10278030478002179
BiasSens,0.3,54,Debiased-HITL,0.7169457698125987,2.113378405986186,0.6611971104231167,0.08682768124501372,0.054330555486590146
BiasSens,0.3,54,FE-HITL,0.7150502988858467,2.120442712004202,0.8076367389060888,0.023934599484007335,0.020349068100679962
BiasSens,0.3,55,LR,0.7254530362238503,2.0651548914719666,0.6652554961378491,0.11426661573720398,0.08869489144631461
BiasSens,0.3,55,DL,0.719198362591864,2.08854638803228,0.6362881304741771,0.12122803666921322,0.10113210240107778
BiasSens,0.3,55,Debiased-HITL,0.7162356981560853,2.0995353313294833,0.7087903831705484,0.06272918258212379,0.05913829608089573
BiasSens,0.3,55,FE-HITL,0.7022340891658541,2.1507097115172753,0.8401953418482344,0.005452635599694333,0.014725340282740612
BiasSens,0.3,56,LR,0.7328962885425321,2.033944410301197,0.6553030303030303,0.09717394135502555,0.07720311280873046
BiasSens,0.3,56,DL,0.7266823101372782,2.057467521831576,0.6225942731966829,0.10932569299045292,0.09061222688538176
BiasSens,0.3,56,Debiased-HITL,0.6797873085403795,2.2269906220064506,0.7713740532331237,0.03818835715931512,0.029895130324397834
BiasSens,0.3,56,FE-HITL,0.6319223101160184,2.387640104505544,0.9061118791253724,0.008054417407158843,0.04858957875814712
BiasSens,0.3,57,LR,0.7589444759140984,1.9783268896421127,0.6406145911679381,0.10411434678065723,0.10929160562476084
BiasSens,0.3,57,DL,0.7508275727980165,2.0113585742753717,0.6540761194134715,0.08456674681627929,0.10452113564590189
BiasSens,0.3,57,Debiased-HITL,0.7314914101100743,2.0879428237204927,0.7110572020766825,0.05731587852880926,0.08147179207825743
BiasSens,0.3,57,FE-HITL,0.6853088642370702,2.260381607230197,0.944590694915593,0.04268412147119072,0.05943729883083346
BiasSens,0.3,58,LR,0.7620328122631057,1.9606143877897066,0.6839043309631545,0.09767222396980191,0.09564983747509703
BiasSens,0.3,58,DL,0.7570774651785981,1.9809227894427035,0.6916759710877358,0.09059452658068579,0.09456196917269584
BiasSens,0.3,58,Debiased-HITL,0.7231918594453046,2.1145749117349615,0.6609373944755859,0.12802768166089962,0.08889129181084196
BiasSens,0.3,58,FE-HITL,0.7306493050076295,2.0858962170629987,0.7904453974471535,0.021075810003145623,0.01776829715843556
BiasSens,0.3,59,LR,0.71796083584478,2.033214892290193,0.6135029354207436,0.16360336705537115,0.12880754777719944
BiasSens,0.3,59,DL,0.7074750251299977,2.0706659780928818,0.5933150183150183,0.17791914433546985,0.14737622479899154
BiasSens,0.3,59,Debiased-HITL,0.7139645674157526,2.0475687365220163,0.6687108385548595,0.11124411151440261,0.09317315740929666
BiasSens,0.3,59,FE-HITL,0.6980326226140603,2.1038200324341374,0.8637514998000267,0.02972237238396791,0.010318339462193751
BiasSens,0.3,60,LR,0.7362500995262906,1.9941555610791952,0.6764787175234936,0.0751430111092688,0.06519482253942088
BiasSens,0.3,60,DL,0.7247629072658157,2.0371188276364904,0.6078566189952328,0.12084438733211733,0.10816749996701772
BiasSens,0.3,60,Debiased-HITL,0.7314597360907336,2.0121835185085812,0.7154340836012862,0.02561764218205942,0.04374349979522514
BiasSens,0.3,60,FE-HITL,0.7129412393315098,2.080406895180343,0.826723829939264,0.017327143094014286,0.016762350091882344
BiasSens,0.3,61,LR,0.727868156299418,2.005193227709554,0.7388681641400111,0.11874459044771424,0.0703284705226619
BiasSens,0.3,61,DL,0.7192377085808306,2.0367416112845267,0.731393439492878,0.11813478637186248,0.08097974378354081
BiasSens,0.3,61,Debiased-HITL,0.7187379841814707,2.038553387680903,0.7512066695919263,0.10994177354630574,0.0639350301994477
BiasSens,0.3,61,FE-HITL,0.7182019042260557,2.040495184504397,0.8408392835773266,0.054075851758596194,0.014089718707983354
BiasSens,0.3,62,LR,0.7467459326092614,1.9787847706269615,0.5862998366852823,0.11411951348492866,0.10356571730368391
BiasSens,0.3,62,DL,0.7432888709109227,1.9922447595722887,0.5810432612873858,0.13358011634056055,0.11412298667550576
BiasSens,0.3,62,Debiased-HITL,0.7295796373075342,2.044749168052618,0.6168384879725086,0.08767847699629827,0.0742852418859212
BiasSens,0.3,62,FE-HITL,0.7175319478982423,2.08980138284964,0.8180765762472278,0.015547329455314562,0.03329781059361657
BiasSens,0.3,63,LR,0.7457435364422883,2.0289402502707943,0.685825807439155,0.11195131301514283,0.06567748618907131
BiasSens,0.3,63,DL,0.7405789794612428,2.049442973786657,0.6890765518754114,0.11160628713820209,0.07175450265350734
BiasSens,0.3,63,Debiased-HITL,0.7099845791485089,2.1669246116263143,0.7507549199958349,0.08068813494345406,0.04724866802891399
BiasSens,0.3,63,FE-HITL,0.6901692125868792,2.23972935500094,0.8222553885668669,0.048255702511021625,0.00647104830392585
BiasSens,0.3,64,LR,0.738482915811723,1.9917711588020113,0.5795697012802277,0.143348060873834,0.10383555866097419
BiasSens,0.3,64,DL,0.7319421593418214,2.0165252486796654,0.6058560612970904,0.11426116838487976,0.08202010706359525
BiasSens,0.3,64,Debiased-HITL,0.6830345984220507,2.192781388286755,0.5789473684210527,0.12702503681885124,0.06944262186454728
BiasSens,0.3,64,FE-HITL,0.6791370523712871,2.2062218993325713,0.8508771929824562,0.039641629847815385,0.06926530430266226
BiasSens,0.3,65,LR,0.7640951547390993,1.968495372892727,0.6271503351589498,0.0756783669405029,0.06462410586492993
BiasSens,0.3,65,DL,0.7535767038900438,2.0119021231993024,0.6439583843424392,0.06267114762260395,0.051867724587355196
BiasSens,0.3,65,Debiased-HITL,0.75532734209915,2.0047429167744535,0.6810923286561338,0.04543191436395322,0.035753651195280386
BiasSens,0.3,65,FE-HITL,0.7232632309728315,2.1320598944994913,0.8621920229808862,0.03790141896938015,0.06591301547138631
BiasSens,0.3,66,LR,0.727753341845838,2.0265273180562193,0.5903062454786593,0.13524415029443948,0.09811106164679986
BiasSens,0.3,66,DL,0.7226515765434768,2.04542723610318,0.601317287363799,0.09167752358121839,0.08362701836318204
BiasSens,0.3,66,Debiased-HITL,0.7075212500200146,2.1004789941926285,0.6606132329209253,0.05947157225493771,0.06747559621725634
BiasSens,0.3,66,FE-HITL,0.6486161574659957,2.3023008701384873,0.9217859064012912,0.07601229871280424,0.08603276262427886
BiasSens,0.3,67,LR,0.7479488713344786,1.9636378254413764,0.5647655547133457,0.16376925937009723,0.13120610598812252
BiasSens,0.3,67,DL,0.7358793965228729,2.0101025128535333,0.59416595865194,0.11934234748936712,0.11760270453526647
BiasSens,0.3,67,Debiased-HITL,0.732225472593161,2.023958935588373,0.6604527661438231,0.08217028955935823,0.07829257427147172
BiasSens,0.3,67,FE-HITL,0.6716667655082398,2.241168390609828,0.9511955599353973,0.047773213265500436,0.09251859319935177
BiasSens,0.3,68,LR,0.7432597865984318,2.0367562928140823,0.6531958379784467,0.0882694541231126,0.07522925442474038
BiasSens,0.3,68,DL,0.7402155874946883,2.0487957399338077,0.6643046107331821,0.07636469221835074,0.06615187347235946
BiasSens,0.3,68,Debiased-HITL,0.7378061697942202,2.0582747759358284,0.6855382245330252,0.058362369337979,0.05111837372371587
BiasSens,0.3,68,FE-HITL,0.7292465232687166,2.0916024357447043,0.8569227806662815,0.0034843205574912606,0.0341564715620504
BiasSens,0.3,69,LR,0.7290551618823898,2.0604846047100525,0.6366238591748016,0.1287782648823258,0.09851478939290681
BiasSens,0.3,69,DL,0.7200993907222524,2.0942612405891348,0.6339550853749072,0.13011459775419165,0.09272093958421479
BiasSens,0.3,69,Debiased-HITL,0.7159748643189003,2.1096349959724106,0.7014887622687641,0.10241693585602218,0.07016053035833439
BiasSens,0.3,69,FE-HITL,0.6807548100615028,2.2366143884545564,0.9045512987149852,0.0001442085832948914,0.04874140104359702
BiasSens,0.3,70,LR,0.7416973613305501,2.019089706818475,0.6140025876264409,0.16902101836595262,0.11723300147795931
BiasSens,0.3,70,DL,0.7385442515801739,2.0313758770383354,0.6259382819015846,0.14625447092392396,0.10798647989369713
BiasSens,0.3,70,Debiased-HITL,0.7177251376872,2.1107038171828534,0.6046151565562564,0.16777518787927492,0.10263382086430306
BiasSens,0.3,70,FE-HITL,0.7090466929652693,2.1429046259009854,0.8412036960782698,0.006098541172688154,0.02839037609493829
BiasSens,0.3,71,LR,0.7528226774960626,2.0071425989603817,0.5742699772687533,0.18986379474184356,0.12800201508679515
BiasSens,0.3,71,DL,0.7472612129444371,2.0295972466341357,0.5704541453969373,0.1872135994087214,0.12945896026588735
BiasSens,0.3,71,Debiased-HITL,0.7416471766747244,2.0520149597561423,0.6176637637258614,0.14895998310632452,0.083326960917789
BiasSens,0.3,71,FE-HITL,0.7236770796730372,2.122180754197695,0.8482582355168496,0.03380846795480941,0.03782267981948058
BiasSens,0.4,42,LR,0.7414462760970371,1.9633209116460335,0.5620149761742683,0.1700107449071333,0.12220034994705162
BiasSens,0.4,42,DL,0.7356301828709944,1.9852802815415413,0.5434624477177669,0.20087494243799753,0.13656635063146028
BiasSens,0.4,42,Debiased-HITL,0.7263852543421688,2.019694315251916,0.6347540424079525,0.1014406946911387,0.08692935831314046
BiasSens,0.4,42,FE-HITL,0.6641023663670418,2.237790191148177,0.906267332224071,0.04670745345700944,0.06884406216616236
BiasSens,0.4,43,LR,0.7411832493226851,2.0362377977110016,0.514495190442228,0.18774422012373826,0.1443745178273869
BiasSens,0.4,43,DL,0.7324063721659047,2.070475940427402,0.48750997072846775,0.20728183002279388,0.1659394779355997
BiasSens,0.4,43,Debiased-HITL,0.7290174880059757,2.0835452494022833,0.6294711406217901,0.08899788342559434,0.08238996662463882
BiasSens,0.4,43,FE-HITL,0.6794639700745073,2.2660564858811023,0.8646184057965968,0.061604526212959865,0.060707848364129804
BiasSens,0.4,44,LR,0.7300951186730797,2.0430391810868866,0.5185332646060326,0.29087050870892783,0.19016459908380867
BiasSens,0.4,44,DL,0.7229561598469594,2.0698819398712995,0.5207241123227034,0.2899391239221861,0.18056174755327867
BiasSens,0.4,44,Debiased-HITL,0.7253191815468212,2.061035595602962,0.5793493390259558,0.22476139266030382,0.1453070292564848
BiasSens,0.4,44,FE-HITL,0.6765550370742385,2.236513490391443,0.8575894821107897,0.028229600752789352,0.025181088919494637
BiasSens,0.4,45,LR,0.7552428094107562,1.9617757651256615,0.5470297029702971,0.14580536912751685,0.11299702418639994
BiasSens,0.4,45,DL,0.750577824714925,1.9803828952464022,0.58446519524618,0.12445469798657727,0.08507522635177919
BiasSens,0.4,45,Debiased-HITL,0.7495486641794993,1.9844643964612778,0.6002435064935066,0.1013003355704698,0.08021974325693301
BiasSens,0.4,45,FE-HITL,0.6903969189996823,2.2064001193350147,0.827922077922078,0.04869966442953022,0.06040525674306699
BiasSens,0.4,46,LR,0.7387377973170766,2.0413654260456924,0.5420278339133657,0.21782200869366275,0.1441643253877734
BiasSens,0.4,46,DL,0.730904201547554,2.0717431970709383,0.572446493790407,0.17507435369480662,0.12692870347858967
BiasSens,0.4,46,Debiased-HITL,0.7381889635393577,2.043508450397147,0.5994622195665165,0.16202242049874171,0.10468104779424507
BiasSens,0.4,46,FE-HITL,0.7059119485822607,2.1658139809021546,0.8808424450773302,0.018622740791580883,0.05536942400737882
BiasSens,0.4,47,LR,0.761706688597328,1.90169787874133,0.4454391545249334,0.23599337748344373,0.18188491151681854
BiasSens,0.4,47,DL,0.7590169213948775,1.9124005943089026,0.4653694755890528,0.21779249448123628,0.15965536717107587
BiasSens,0.4,47,Debiased-HITL,0.7584529893339685,1.914636921056339,0.5529961841137669,0.12841059602649008,0.10706972054254572
BiasSens,0.4,47,FE-HITL,0.6932931979566276,2.157482589467711,0.8468962539924122,0.030529801324503336,0.061441574023361936
BiasSens,0.4,48,LR,0.7490527092611956,1.9908340215189941,0.5013798896088313,0.21752818694308063,0.13213525040267782
BiasSens,0.4,48,DL,0.7442853683724403,2.0096553676135307,0.485813000988629,0.216732587743226,0.14465560760143184
BiasSens,0.4,48,Debiased-HITL,0.736803834836468,2.0388420249545542,0.5989582421736893,0.10845153664302609,0.06661042106556354
BiasSens,0.4,48,FE-HITL,0.6637980876227094,2.3043258292984135,0.878472088521411,0.016548463356973908,0.0883660679626496
BiasSens,0.4,49,LR,0.7522799391395699,1.9835044870991776,0.5104542177361211,0.2234360410830999,0.14469804003472733
BiasSens,0.4,49,DL,0.7467667402811806,2.0054552290154373,0.49184812105160325,0.24183006535947704,0.15221376562320832
BiasSens,0.4,49,Debiased-HITL,0.7436968026238504,2.0175746395118455,0.5885809892293213,0.1481792717086835,0.0958732615853359
BiasSens,0.4,49,FE-HITL,0.6715298488624662,2.284023423344693,0.8995294363693401,0.03482726423902893,0.09387562042360804
BiasSens,0.4,50,LR,0.7571385807608442,2.002963046206426,0.5191177986189838,0.18478059438001693,0.12234658205609009
BiasSens,0.4,50,DL,0.7543199956714595,2.0145524457404913,0.5142008442336756,0.20432666517112563,0.12880835917349875
BiasSens,0.4,50,Debiased-HITL,0.7162222547175912,2.1651243253959,0.5437383071602698,0.17004301305997438,0.09565668090117435
BiasSens,0.4,50,FE-HITL,0.7048997923556466,2.2078950715711563,0.7940926356369409,0.007871097369473445,0.051247394181099235
BiasSens,0.4,51,LR,0.7548474022551493,1.9594311446669572,0.5812610165352948,0.1388993010385201,0.09985195447566848
BiasSens,0.4,51,DL,0.7492512611248592,1.981669091716388,0.5945050720137226,0.1442903446299032,0.10318787546586371
BiasSens,0.4,51,Debiased-HITL,0.7430752438362904,2.0059251960394033,0.6449048277925283,0.10532930566886423,0.06756411386262448
BiasSens,0.4,51,FE-HITL,0.6999027549703685,2.1679175504568025,0.8862495792977075,0.005060304720746145,0.06401958022106959
BiasSens,0.4,52,LR,0.7256129978304182,2.018658014369586,0.5725948913821914,0.13790529010238906,0.12340229376313833
BiasSens,0.4,52,DL,0.7218312120144228,2.0325216581103045,0.5560060700905771,0.1538182593856655,0.1352876579807657
BiasSens,0.4,52,Debiased-HITL,0.7226062702847751,2.0296880879078723,0.6414966668337427,0.05605802047781572,0.06915898681970412
BiasSens,0.4,52,FE-HITL,0.7103074370342971,2.074195348279535,0.8568242193373766,0.056441979522184216,0.04348199062390487
BiasSens,0.4,53,LR,0.7527160394244745,2.0007331389467704,0.4409967510208948,0.2872516848382203,0.1984746011876651
BiasSens,0.4,53,DL,0.7480295621555575,2.0196029061581386,0.4425811320754718,0.2881690836597156,0.19716651614611597
BiasSens,0.4,53,Debiased-HITL,0.7477555071268027,2.020700915751283,0.5709905660377358,0.2038036766522,0.12422383385871268
BiasSens,0.4,53,FE-HITL,0.6731884290298737,2.3000639119569333,0.908033608490566,0.04442327370240995,0.08822886393343331
BiasSens,0.4,54,LR,0.7373345421630728,2.0471597666912684,0.49875724937862465,0.1999752658916646,0.14483052430837984
BiasSens,0.4,54,DL,0.7322087398178497,2.0670379735370283,0.4762164124909223,0.2219998650866818,0.16380393423419617
BiasSens,0.4,54,Debiased-HITL,0.7188247209070011,2.118062753179041,0.5701894317048853,0.1151710026308097,0.07901474371829809
BiasSens,0.4,54,FE-HITL,0.6959362788843392,2.2025843984753894,0.8445663010967098,0.04566815820835113,0.07409987216227523
BiasSens,0.4,55,LR,0.7282232476982864,2.067994822895755,0.5877717787830147,0.13862733011669182,0.09864847278959017
BiasSens,0.4,55,DL,0.7214239548222399,2.093703500781279,0.5542040119504908,0.15816098794822198,0.12702308590333988
BiasSens,0.4,55,Debiased-HITL,0.7156433192082754,2.115314824435317,0.6566715542521995,0.08662613981762923,0.05627894590364384
BiasSens,0.4,55,FE-HITL,0.6779891128058027,2.251015951782308,0.847067448680352,0.03025697706548769,0.0563584167337188
BiasSens,0.4,56,LR,0.7353276059529449,2.033866844836166,0.5309850920783397,0.15621744127345571,0.1323912772769931
BiasSens,0.4,56,DL,0.7287341002291727,2.0590447971138586,0.4939143501126973,0.18562636276731725,0.14958238381504563
BiasSens,0.4,56,Debiased-HITL,0.6830623339518103,2.2256410430873026,0.6923328523328524,0.04850646072544873,0.049948570204315826
BiasSens,0.4,56,FE-HITL,0.5682329813108756,2.5977235186127965,0.9719288119288119,0.0470349405484366,0.11093688453098749
BiasSens,0.4,57,LR,0.7605429853595541,1.9798841726228555,0.5408367975843312,0.16845049412642177,0.13893846110427815
BiasSens,0.4,57,DL,0.752743872841305,2.0118682328286144,0.5562531735902397,0.128929703524147,0.12799967875487253
BiasSens,0.4,57,Debiased-HITL,0.7284176852873143,2.108515241808289,0.6472564748731956,0.0703151221331344,0.08771549467056365
BiasSens,0.4,57,FE-HITL,0.641044019880536,2.424078046763013,0.9356712771482985,0.03951146746224132,0.08641488197765801
BiasSens,0.4,58,LR,0.7626424952578557,1.9638103633032513,0.5888569239443135,0.15530325255725708,0.1245752585584296
BiasSens,0.4,58,DL,0.7585114432615132,1.9808260628262304,0.5720709183528274,0.18288055702243344,0.1408667184277898
BiasSens,0.4,58,Debiased-HITL,0.7498950119094748,2.0158547686443313,0.6156296177197939,0.12770638972011972,0.09631749776395845
BiasSens,0.4,58,FE-HITL,0.7311011571601054,2.090222557593861,0.866741698631815,0.04773220677110834,0.05044239088755963
BiasSens,0.4,59,LR,0.7202514321639257,2.035268993848954,0.5124875124875125,0.19485775880289136,0.1611239186119488
BiasSens,0.4,59,DL,0.710059894194684,2.0720108584998895,0.48662092321803396,0.2200828507418523,0.18869372953869423
BiasSens,0.4,59,Debiased-HITL,0.704688609798861,2.091115299600745,0.6074223116476638,0.11725916219300836,0.11745634997481946
BiasSens,0.4,59,FE-HITL,0.6366037942074935,2.3196799823588967,0.905742145178765,0.010789618294796521,0.053097249891076115
BiasSens,0.4,60,LR,0.7389741626943415,1.9948516018814781,0.5668789808917197,0.14914487197794357,0.11381283465595805
BiasSens,0.4,60,DL,0.7273974965388403,2.038608191655957,0.5125819599503809,0.18941332835378244,0.14698724655853213
BiasSens,0.4,60,Debiased-HITL,0.7353003307377698,2.008840910837303,0.6339031339031339,0.07548413317369485,0.06638175854005277
BiasSens,0.4,60,FE-HITL,0.7033437967644468,2.126647755624282,0.8121883903133903,0.03189841716187569,0.03854626574434028
BiasSens,0.4,61,LR,0.7280528647348128,2.0081814933600732,0.6210715240386451,0.15151235989559342,0.11459824807527114
BiasSens,0.4,61,DL,0.720876493937475,2.0345057525724144,0.6181306473115094,0.1745944009417063,0.12591191569173826
BiasSens,0.4,61,Debiased-HITL,0.721169578795125,2.0334373376500494,0.6702550637659416,0.13952607605302225,0.09181626996567463
BiasSens,0.4,61,FE-HITL,0.6994783005201386,2.1110505578821113,0.8629032258064517,0.025753620963201884,0.0202030374271443
BiasSens,0.4,62,LR,0.7499150644589456,1.9803564745911224,0.5139641425487864,0.15477407028924328,0.12640979327223745
BiasSens,0.4,62,DL,0.7464463953235122,1.9940429172324303,0.5037527737893225,0.18147687386146527,0.13798183562774347
BiasSens,0.4,62,Debiased-HITL,0.7355509616674066,2.0364352350678536,0.5467852575281944,0.12711600835295678,0.0954780253841935
BiasSens,0.4,62,FE-HITL,0.6944239796673706,2.189067947236772,0.8431345192419486,0.03485582263295872,0.0709171427778034
BiasSens,0.4,63,LR,0.7471314341841998,2.031027315134578,0.5773074228400753,0.1414679519702351,0.09289343087999846
BiasSens,0.4,63,DL,0.7450844207452436,2.039231498371683,0.6175330847408058,0.11470488753593777,0.0686505626894062
BiasSens,0.4,63,Debiased-HITL,0.7102812582476878,2.1739854680915793,0.6815636770843937,0.06460341620158971,0.04750903440677587
BiasSens,0.4,63,FE-HITL,0.6540913038367009,2.3754674383140344,0.8388476025654076,0.009470657872484356,0.04309943120168973
BiasSens,0.4,64,LR,0.7429473183004344,1.9933347314449124,0.4641776855932936,0.20072829131652659,0.15147326909296813
BiasSens,0.4,64,DL,0.7363152559913811,2.018885394480841,0.4932330827067669,0.18061624649859942,0.12828665634411188
BiasSens,0.4,64,Debiased-HITL,0.6951203551158927,2.1708678121924683,0.515566372578846,0.15333333333333343,0.08512820512820518
BiasSens,0.4,64,FE-HITL,0.6672120808423394,2.2680516500685113,0.8440320454314978,0.033333333333333326,0.08666666666666666
BiasSens,0.4,65,LR,0.7662501110270316,1.9713488845502063,0.5163986620506927,0.16470252369532945,0.11525605792842111
BiasSens,0.4,65,DL,0.7569874169460724,2.010028270454115,0.5234353813240125,0.14565490464771047,0.10232319295480354
BiasSens,0.4,65,Debiased-HITL,0.7581418255085082,2.0052483613536656,0.5755760613520837,0.09826424574626014,0.08143233818189531
BiasSens,0.4,65,FE-HITL,0.6937902160484337,2.2563024572525934,0.8785108304847594,0.06000913554870391,0.0970194209587374
BiasSens,0.4,66,LR,0.7317949052675159,2.028030156990559,0.45814527618571166,0.2470528500154533,0.17518771364304786
BiasSens,0.4,66,DL,0.725636199245435,2.0511824986047698,0.4767758557232242,0.21109099739502846,0.16585723675385883
BiasSens,0.4,66,Debiased-HITL,0.7272560143369693,2.0451185520053623,0.5560931959036224,0.13828425096030728,0.09762825659682607
BiasSens,0.4,66,FE-HITL,0.6568218804577373,2.2940384467199166,0.8716070659198621,0.06594110115236873,0.09333459367553981
BiasSens,0.4,67,LR,0.7507622600808554,1.964497568509888,0.4716694239838542,0.19495890728093523,0.16739891153662043
BiasSens,0.4,67,DL,0.7389916374005377,2.0103506028503713,0.4812294517929505,0.20895551182621452,0.17987878496879733
BiasSens,0.4,67,Debiased-HITL,0.7497274273402241,1.9685716316915205,0.5494352008659671,0.14714280202183894,0.1160787994505213
BiasSens,0.4,67,FE-HITL,0.6831015338197409,2.2151577628721077,0.9157253347766119,0.06758112435852914,0.10413038596188498
BiasSens,0.4,68,LR,0.7453794933710385,2.03829661012152,0.5595238095238095,0.13182562118732333,0.09744082918943824
BiasSens,0.4,68,DL,0.7429375163635927,2.048047584433392,0.561675272518646,0.12914744829638447,0.08223441179820398
BiasSens,0.4,68,Debiased-HITL,0.7421763282467387,2.051077581490006,0.6190350413805247,0.07543520309477747,0.059781157308217966
BiasSens,0.4,68,FE-HITL,0.696015828809721,2.2271331292515426,0.8658654692727592,0.015473887814313358,0.07217857845774613
BiasSens,0.4,69,LR,0.7315440383334222,2.061540823257291,0.510642900713546,0.22139345119782405,0.158852921182411
BiasSens,0.4,69,DL,0.722042396824533,2.097706345157327,0.5455318522336137,0.1902709488440213,0.12916842096478104
BiasSens,0.4,69,Debiased-HITL,0.7225695027895219,2.095716404572252,0.6288059040794588,0.12234543362276384,0.08624861097562152
BiasSens,0.4,69,FE-HITL,0.6531000232677591,2.3434600168478146,0.912313768346498,0.029553300554451267,0.08248426126762522
BiasSens,0.4,70,LR,0.7446053171820094,2.0199730672433884,0.5008777891040888,0.19870878287620786,0.15235270895183367
BiasSens,0.4,70,DL,0.7411573936682115,2.033562550296977,0.5210614580250568,0.17511590623510553,0.1410999041667258
BiasSens,0.4,70,Debiased-HITL,0.7334161425324366,2.063747581266688,0.6073640602141128,0.11736860349235234,0.09027853684982368
BiasSens,0.4,70,FE-HITL,0.6577957803493741,2.3382036468436627,0.840126334787186,0.032291260453225945,0.05721575498455715
BiasSens,0.4,71,LR,0.755042528901958,2.008437818710122,0.49818947368421046,0.19562015123244614,0.14711107313170496
BiasSens,0.4,71,DL,0.7492255996982929,2.0321447794381142,0.45863446985800527,0.2395604875227776,0.17455830583725931
BiasSens,0.4,71,Debiased-HITL,0.7444308536146995,2.0514798556929215,0.5537149047576059,0.16709766822700145,0.09935333591199519
BiasSens,0.4,71,FE-HITL,0.7006929215770497,2.2200949016485647,0.8521711654780174,0.0028369722958744292,0.06812223517452527
