fold,seed,model,R2,RMSE,DI,EOD,AOD
0,42,DL,0.7340685200058605,2.0398240761404285,0.6471245114461194,0.13227334235453314,0.07546214099547069
0,42,Debiased-HITL,0.7270159408794847,2.066695442643315,0.6844618927973198,0.09645387248268722,0.060357519643655155
0,42,FE-HITL,0.6928298967738342,2.1922865026549525,0.9135950586264656,0.026095147125155926,0.06834701560555903
0,43,DL,0.7333976932971952,2.042395239606861,0.6229880812637114,0.1344689431929741,0.08795858944191455
0,43,Debiased-HITL,0.7308027979507363,2.0523106982014956,0.6913756492902222,0.10270901323993731,0.055435716957502004
0,43,FE-HITL,0.7018271804596685,2.1599408801755158,0.9050196267532951,0.010036084799278311,0.06327779898322541
0,44,DL,0.7419900904154496,2.0092132406215093,0.612521829003172,0.16607630873729728,0.09646591119749073
0,44,Debiased-HITL,0.7385679463677863,2.022494062966273,0.6163613767763549,0.16977765395738809,0.08707313673681047
0,44,FE-HITL,0.7274544422463314,2.065034882307504,0.8470848867995893,0.00669293427790596,0.04441915483630729
0,45,DL,0.7407192376458162,2.014155449359744,0.5734204355108878,0.1963304943086842,0.1199796038176365
0,45,Debiased-HITL,0.7390157478437,2.020761176783001,0.652100987511283,0.12905622330122846,0.06985476176251221
0,45,FE-HITL,0.7169325318522146,2.1045188421284045,0.8915197075637346,0.0032967178752421056,0.058662675746842655
0,46,DL,0.7414458930808818,2.0113310517974945,0.6208939899851526,0.15948950622197455,0.09114723326059335
0,46,Debiased-HITL,0.7362868180719291,2.0312985460127986,0.6727690741288139,0.11756746000159202,0.06372141969085396
0,46,FE-HITL,0.7091156817309805,2.1333788861709935,0.9093134517905431,0.02949136352781978,0.06960442973288503
0,47,DL,0.7404831124004556,2.0150723795531165,0.6412190882729057,0.1361537849239831,0.07594807183597604
0,47,Debiased-HITL,0.7261843072239894,2.0698410960385467,0.6915458422620167,0.09070949083286906,0.05546005213951004
0,47,FE-HITL,0.6965195668320981,2.1790800559596457,0.887874534768606,0.012231685637719147,0.054534709123773895
0,48,DL,0.7378003226941667,2.0254611367004065,0.6266890005583474,0.14511528562710607,0.08523238759420236
0,48,Debiased-HITL,0.7127479896814741,2.1200171616238186,0.7167327117564329,0.08902464910185992,0.04937337179333469
0,48,FE-HITL,0.6805609711420267,2.235639769549022,0.8909187492749288,0.023720448937355698,0.05534523320591689
0,49,DL,0.7409612956267401,2.013215047458384,0.6181209868788387,0.15458754543766084,0.0957071207675137
0,49,Debiased-HITL,0.741136282276279,2.0125349458665958,0.6572539825091808,0.12668152511342823,0.065655364475841
0,49,FE-HITL,0.7261763210671073,2.0698712804940436,0.8688577037072585,0.005671416063042334,0.050139426723081304
0,50,DL,0.7429940795941191,2.0053002231278483,0.6219866956428344,0.16015282973811984,0.08649330379882478
0,50,Debiased-HITL,0.6401003567405217,2.3730044152876166,0.7517102910737752,0.06655788161001885,0.04548999877735685
0,50,FE-HITL,0.5774398679052366,2.5712961408470543,0.9574415286308083,0.011873490939000697,0.07260609462183487
0,51,DL,0.7357422442980583,2.0333948034276492,0.5987884628622565,0.17485871209106107,0.09794853198593337
0,51,Debiased-HITL,0.7358645593697832,2.03292415760415,0.6800498437556969,0.10168749502507368,0.05902724486070815
0,51,FE-HITL,0.7075599938968395,2.1390760753215305,0.9057301016392246,0.03066544615139699,0.06821792801760351
1,42,DL,0.726667475702087,2.029133257631395,0.7148427078823184,0.06171823568136936,0.057010457231790594
1,42,Debiased-HITL,0.7205904238695664,2.0515662984038054,0.7391619964568742,0.06710829493087556,0.05653464563468201
1,42,FE-HITL,0.7050550759120697,2.1078290041112964,0.8491899272271722,0.022753456221198176,0.005757386900672443
1,43,DL,0.7389373061684708,1.9830666937148984,0.6706121345148772,0.10039499670836083,0.08791662199847221
1,43,Debiased-HITL,0.7299762033197936,2.0168143958395293,0.7184787110542562,0.08492429229756426,0.06695168700171528
1,43,FE-HITL,0.7140829372011391,2.075319418825028,0.8930890750953305,0.0037853851217906076,0.03327707720939482
1,44,DL,0.7351840321107637,1.9972710050568752,0.691902830565688,0.07278637261356158,0.0724968010657737
1,44,Debiased-HITL,0.7180159823893599,2.0609960522227144,0.6896629648008239,0.10327518104015798,0.06296003961303324
1,44,FE-HITL,0.7233815952794089,2.041293483393829,0.8138676693621096,0.01456550362080311,0.004317435199796056
1,45,DL,0.7287447460705496,2.0214080566717563,0.6935169835431453,0.08105661619486504,0.06936213287258053
1,45,Debiased-HITL,0.7312522642190922,2.012043287254197,0.7006265731509597,0.07402073732718895,0.059641379953640807
1,45,FE-HITL,0.7320199061360384,2.009167666229111,0.8137322082784689,0.009504608294930827,0.0012699796914280859
1,46,DL,0.7297015221737453,2.017839935225427,0.6807547392715045,0.07936965108624094,0.08045212282915812
1,46,Debiased-HITL,0.7384508764434421,1.9849133261328704,0.713046903290155,0.07365042791310072,0.0611018224062636
1,46,FE-HITL,0.7290543931968401,2.0202539740928254,0.8675403990030217,0.005102040816326481,0.023315637617768212
1,47,DL,0.7346950872983051,1.999113992383153,0.6617882906396815,0.09784397630019748,0.09255461494903036
1,47,Debiased-HITL,0.7319182667764242,2.009548648175314,0.7460583339980326,0.04480743910467411,0.04770101484791964
1,47,FE-HITL,0.7145354057614511,2.073676654701162,0.8895310905361156,0.0035796576695193982,0.03093379428416279
1,48,DL,0.7221759585095813,2.0457371188261275,0.694834223680822,0.07932850559578675,0.06769032313039194
1,48,Debiased-HITL,0.7373015491910929,1.9892697052326862,0.7177446510905041,0.05834430546412117,0.0553234921231665
1,48,FE-HITL,0.7308359997744678,2.0136009152876966,0.8449399057141378,0.0018926925608953038,0.01301692750896219
1,49,DL,0.7363332889692158,1.992932382227829,0.6859381509918459,0.08467741935483875,0.07601906110846399
1,49,Debiased-HITL,0.7385094003754278,1.9846912427439514,0.699573900429985,0.08105661619486504,0.06649680335968655
1,49,FE-HITL,0.7328331890692342,2.006116575022545,0.838882988827298,0.00041145490454241873,0.011075060953096544
1,50,DL,0.7246987097318808,2.0364278902197976,0.6414846981782566,0.1270984200131665,0.1011618674492651
1,50,Debiased-HITL,0.7354049339480593,1.996437798347782,0.7147161926470842,0.06365207373271897,0.05716962181481596
1,50,FE-HITL,0.7301925095068695,2.0160064358777694,0.8358545303838781,0.007200460829493105,0.00830546830441875
1,51,DL,0.729008259364101,2.020425960811851,0.7005345197324201,0.0821263989466755,0.06820513743594497
1,51,Debiased-HITL,0.7343421825015242,2.00044314693117,0.733655587582583,0.06324061882817644,0.05034910296686537
1,51,FE-HITL,0.7249019975843893,2.0356758822954215,0.8559315188463468,0.0108212639894667,0.01597518763300526
2,42,DL,0.7391567807853648,1.9980753817530246,0.6419220659912727,0.10097567495322102,0.09252080450957754
2,42,Debiased-HITL,0.7285131799213658,2.038433126963298,0.6702305083107069,0.0759489441325849,0.083517817609638
2,42,FE-HITL,0.699405823296694,2.144926301421302,0.8766728167777177,0.023188986901897857,0.03473246658892207
2,43,DL,0.739381594848757,1.9972141512481236,0.6307303985891832,0.09277822329145513,0.09947213972875565
2,43,Debiased-HITL,0.7380394794666768,2.0023501080402375,0.6832434811310376,0.05787222667735903,0.06727555167811786
2,43,FE-HITL,0.7183321086545571,2.076303157694696,0.8733634063153263,0.04988639401229622,0.04017518723813833
2,44,DL,0.7380842065992474,2.0021791601399186,0.6383564289507991,0.10181101309810214,0.10411063475417928
2,44,Debiased-HITL,0.741670195394365,1.988425623277353,0.6627302219399579,0.08115031631471092,0.07726624484844216
2,44,FE-HITL,0.7230892787580789,2.058694852281345,0.8675741087213994,0.03953933885770289,0.03802363768281969
2,45,DL,0.7332979443597827,2.020390299771042,0.6625419463087248,0.09019424396328968,0.0836502355347584
2,45,Debiased-HITL,0.7131178736955692,2.0954332876320323,0.7072492415188011,0.05911966497371479,0.07238645031347524
2,45,FE-HITL,0.6728860438857027,2.2375442353317228,0.8847338420520364,0.014156197095250733,0.031559173028699844
2,46,DL,0.7375721731698497,2.004135289037605,0.6317981948623004,0.09968368528913829,0.09477468757741409
2,46,Debiased-HITL,0.7398063281665581,1.9955860442674365,0.6598439860852454,0.08934776797647681,0.07538206469641912
2,46,FE-HITL,0.7264405647682172,2.046199350186749,0.8602638884008574,0.03996257685110938,0.03735003079429705
2,47,DL,0.7326559259952259,2.0228206297203712,0.6424649176327029,0.09838055778312393,0.0946115243128074
2,47,Debiased-HITL,0.7394716545473624,1.9968690412279724,0.6704463564774218,0.08029270248596632,0.07149555759218951
2,47,FE-HITL,0.7243696350343594,2.0539299287758417,0.8654852965435808,0.040396952686447496,0.03829981944456684
2,48,DL,0.7399914939650161,1.9948758424302409,0.6316649743678645,0.10527488193887558,0.10440789273988957
2,48,Debiased-HITL,0.7328051065710166,2.0222561742407454,0.7067114093959732,0.044050164840060635,0.06192129731624521
2,48,FE-HITL,0.7037273513817411,2.129452088775966,0.8553451581975071,0.020605007573732514,0.022604091088453557
2,49,DL,0.7315982151066508,2.0268181886148477,0.675934803451582,0.05613472333600644,0.0761442847449263
2,49,Debiased-HITL,0.7409013483001802,1.9913824238786257,0.6629118748102931,0.07209525082420032,0.08009524445971922
2,49,FE-HITL,0.719391729236549,2.0723940031729478,0.8700718356885098,0.05290474917579968,0.03872343685896211
2,50,DL,0.7387072252335811,1.999796452347793,0.6486295789199586,0.09235498529804864,0.09202608849762017
2,50,Debiased-HITL,0.7221113319613596,2.0623269247515643,0.6964925990622415,0.046623006326294236,0.07676083161247557
2,50,FE-HITL,0.6867366930689316,2.189660869187568,0.863220557138917,0.013721821259912614,0.019345648114693775
2,51,DL,0.7396069704538837,1.996350396627059,0.6114931848914478,0.12466586474204755,0.11382865886675028
2,51,Debiased-HITL,0.7324345300687858,2.0236580366629915,0.6716941773988754,0.08289895749799525,0.06501480231432119
2,51,FE-HITL,0.7203697152133754,2.0687794602071867,0.8913477235624886,0.0636527666399358,0.05633798283156741
3,42,DL,0.729341071371455,2.0545300946974594,0.6408687315019383,0.11698650072220595,0.0971560905161931
3,42,Debiased-HITL,0.7429871327201885,2.002067710444445,0.6773400276653517,0.11571585269171036,0.07226554832710468
3,42,FE-HITL,0.7298749907531961,2.0525026445813013,0.8391823351606127,0.008878245854103572,0.021208503710483245
3,43,DL,0.738341496913377,2.0200808621898036,0.6713458681284902,0.10589819611420637,0.07369195468828059
3,43,Debiased-HITL,0.708955280764635,2.130498289595654,0.6103716654447015,0.16237144191400865,0.09638356832038264
3,43,FE-HITL,0.7144810342384305,2.110176629655221,0.8017314308273645,0.02561930516187194,0.007904102265630465
3,44,DL,0.7364134080293607,2.0275099092549524,0.6279876044377484,0.13673584639277148,0.10063956373114223
3,44,Debiased-HITL,0.7418209207723231,2.0066048230916143,0.6660747395085264,0.122644685541763,0.07558221723025989
3,44,FE-HITL,0.73272583120251,2.0416430835313846,0.8371765074556706,0.007260070157147691,0.02216533908083229
3,45,DL,0.7386889778300433,2.0187390889640286,0.6518931239711283,0.11871870893471914,0.08877678151142415
3,45,Debiased-HITL,0.7309381762429267,2.048459437893676,0.7089710781710202,0.09585247450558765,0.06592681033409077
3,45,FE-HITL,0.6949261329642153,2.1812418998510807,0.9010429240500217,0.01953214087902777,0.048395331612360565
3,46,DL,0.7366646710905156,2.026543320238565,0.6697015849637651,0.10416598790169318,0.08002742297383253
3,46,Debiased-HITL,0.7298326129211071,2.0526636389326103,0.7198764653775865,0.07829689722955291,0.059009297312359654
3,46,FE-HITL,0.6925710208071899,2.1896450992974352,0.9019463885275599,0.015720196787541107,0.04739151488955752
3,47,DL,0.7376559149269176,2.0227255785703067,0.6275930445393533,0.13881558227174495,0.10272933451544033
3,47,Debiased-HITL,0.7437176632453488,1.9992203581496109,0.6838170926380474,0.10589819611420637,0.06630681719354131
3,47,FE-HITL,0.731261006057397,2.04723016230562,0.855524468322491,0.009486419270409052,0.03282195458716419
3,48,DL,0.7367313773899211,2.0262866289544084,0.6358585945722124,0.13846805460528455,0.09550174581227272
3,48,Debiased-HITL,0.7416986587588947,2.00707988580571,0.6914457245678518,0.09561897935468455,0.06221711165859177
3,48,FE-HITL,0.7283686441717786,2.0582175578628346,0.8441025728490658,0.0058753896110947945,0.02409114730160089
3,49,DL,0.731313639399148,2.0470296743905103,0.6504557748171893,0.13107766157321432,0.09429363258106797
3,49,Debiased-HITL,0.7436067018375454,1.9996531080253708,0.673482325494903,0.1127129964487017,0.07643672960592449
3,49,FE-HITL,0.7264262929364622,2.0655632858988686,0.8603959224384224,0.002671618935913722,0.03097933499246057
3,50,DL,0.7377905472871871,2.0222064906971386,0.6573367907260524,0.12553350926921447,0.08536988688207091
3,50,Debiased-HITL,0.7119403839616368,2.1195443910522105,0.7358208038333359,0.07217715222797816,0.05777388284679888
3,50,FE-HITL,0.672687413089788,2.259345670567623,0.875977147420638,0.004745924695098713,0.027648981581590376
3,51,DL,0.7343099818878382,2.035583618469015,0.6137692141156095,0.1549864790017268,0.11591654958261702
3,51,Debiased-HITL,0.7352157314635206,2.0321109569153455,0.642464917632703,0.12830287036132015,0.08564869961290665
3,51,FE-HITL,0.7288704720423116,2.0563154423671355,0.8255829376342946,0.008644750703200477,0.01699803977416424
4,42,DL,0.7484018263914819,2.0327617826039326,0.6438324461930108,0.09436544794897994,0.0804852120219417
4,42,Debiased-HITL,0.7489069743382298,2.030720111637049,0.6609756532914465,0.07893871744756653,0.06461243499917331
4,42,FE-HITL,0.7409697908154345,2.06256646872304,0.8301352991575038,0.036268655824322926,0.0312498268346606
4,43,DL,0.7525410339100103,2.0159712858401475,0.6323207347227128,0.09911121471307238,0.07945469325232082
4,43,Debiased-HITL,0.7200019339101347,2.1444220334361366,0.6261124087159625,0.10410203996246425,0.07064780957053131
4,43,FE-HITL,0.7237660507838491,2.129959134823667,0.8232859296928126,0.04797169275642976,0.0370513259182033
4,44,DL,0.7506231404060181,2.0237684484609755,0.6416316298017913,0.10228502094951197,0.07839473737934818
4,44,Debiased-HITL,0.7518237761192421,2.0188908099645997,0.6730584851390221,0.06094783840484852,0.055616995477814304
4,44,FE-HITL,0.7379954033966845,2.0743746682747584,0.845954242789413,0.031218060212662935,0.03795935752487281
4,45,DL,0.7481584064446669,2.0337448881906828,0.6652824564275315,0.0785263019479161,0.06518778010107813
4,45,Debiased-HITL,0.7476835217445981,2.0356614490320264,0.6794685659498698,0.05934599269606167,0.0490263290978047
4,45,FE-HITL,0.7426511776978169,2.0558614240107134,0.8269004245993699,0.04203649578320101,0.03332718427111424
4,46,DL,0.7520433078282598,2.0179976772541726,0.617042649924226,0.12201521753423339,0.09458728755931534
4,46,Debiased-HITL,0.722539550969468,2.1346824881679316,0.6925397466271549,0.0500517013633619,0.07063935924958435
4,46,FE-HITL,0.6770874134672594,2.302900805301835,0.8609953606715981,0.0006395428762694388,0.02330784598368779
4,47,DL,0.7406282636319842,2.0639257512550877,0.6271478732388106,0.10846527640804038,0.08439224171704815
4,47,Debiased-HITL,0.747337102044416,2.0370584076249165,0.6509608057363729,0.0890100234897524,0.06623634930484736
4,47,FE-HITL,0.7404686971886346,2.0645605209873046,0.8475380787557727,0.040022234574763726,0.04181539978018116
4,48,DL,0.7506119114650808,2.023814011069729,0.6473692299810441,0.09306843108776075,0.08035773882581879
4,48,Debiased-HITL,0.7415279347736469,2.060343118354091,0.6827311819314392,0.055652184307888986,0.06504468102379823
4,48,FE-HITL,0.7144946563070461,2.16540864142776,0.8322549531808866,0.00035264513738209047,0.016694798323988208
4,49,DL,0.7523213554570252,2.016865913375642,0.6455242743833348,0.09637970915741723,0.07544208148330081
4,49,Debiased-HITL,0.7449986735965316,2.046463318949195,0.6721933714049102,0.059513349710412555,0.05937023344249219
4,49,FE-HITL,0.7303312220261775,2.1044958735874957,0.8235882748744846,0.014219369183596675,0.022351007271003184
4,50,DL,0.7481050254450482,2.033960415700131,0.6356185310424142,0.10747308839438874,0.08519873579643907
4,50,Debiased-HITL,0.7126746849333931,2.1722994426987343,0.712627562747081,0.050768945710579994,0.060183374096187514
4,50,FE-HITL,0.666070206065877,2.341856769986698,0.8712880389813368,0.009138888390802569,0.030456558785638327
4,51,DL,0.7495811752428205,2.02799197212012,0.6091822340016243,0.13310859677120512,0.10276416304149005
4,51,Debiased-HITL,0.7505173458082505,2.0241976804805817,0.674390395070036,0.06699062203016015,0.05678975427851132
4,51,FE-HITL,0.7402131644087024,2.065576647151512,0.8422110463777868,0.034391866449102526,0.036117848800170146
