fold,seed,model,Acc,DI,EOD,AOD
0,42,DL,0.78,1.5967016491754122,0.15000000000000002,0.09331785345717235
0,42,Debiased-HITL,0.78,1.5967016491754122,0.15000000000000002,0.09331785345717235
0,42,FE-HITL,0.78,1.5967016491754122,0.15000000000000002,0.09331785345717235
0,43,DL,0.76,2.190562613430127,0.22500000000000003,0.16203560371517028
0,43,Debiased-HITL,0.76,1.9328493647912888,0.175,0.12387770897832817
0,43,FE-HITL,0.735,1.030852994555354,0.125,0.039280185758513934
0,44,DL,0.75,3.060344827586207,0.175,0.12207172342621259
0,44,Debiased-HITL,0.745,0.918103448275862,0.024999999999999994,0.017401960784313723
0,44,FE-HITL,0.745,0.918103448275862,0.024999999999999994,0.017401960784313723
0,45,DL,0.74,1.9586206896551723,0.2,0.13973168214654283
0,45,Debiased-HITL,0.75,1.7137931034482758,0.2,0.11341589267285862
0,45,FE-HITL,0.755,1.1017241379310345,0.10000000000000003,0.023942208462332318
0,46,DL,0.785,1.9160419790104948,0.25,0.15647574819401444
0,46,Debiased-HITL,0.78,1.8095952023988005,0.19999999999999996,0.13147574819401442
0,46,FE-HITL,0.78,0.9580209895052474,0.0,0.021155830753353977
0,47,DL,0.745,0.6120689655172414,0.07500000000000001,0.052205882352941185
0,47,Debiased-HITL,0.745,1.0201149425287357,0.024999999999999994,0.014047987616099069
0,47,FE-HITL,0.745,1.0201149425287357,0.024999999999999994,0.014047987616099069
0,48,DL,0.76,1.9042145593869733,0.2,0.12321981424148606
0,48,Debiased-HITL,0.76,1.9042145593869733,0.2,0.12321981424148606
0,48,FE-HITL,0.745,0.9521072796934866,0.04999999999999999,0.028095975232198138
0,49,DL,0.76,1.440162271805274,0.22499999999999998,0.11791795665634673
0,49,Debiased-HITL,0.76,1.440162271805274,0.22499999999999998,0.11791795665634673
0,49,FE-HITL,0.755,1.2241379310344827,0.125,0.05476006191950464
0,50,DL,0.75,2.203448275862069,0.22500000000000003,0.17029153766769867
0,50,Debiased-HITL,0.75,1.7137931034482758,0.125,0.09397574819401444
0,50,FE-HITL,0.745,0.8568965517241379,0.07500000000000001,0.04549793601651188
0,51,DL,0.765,1.6007957559681696,0.19999999999999996,0.11676986584107324
0,51,Debiased-HITL,0.765,1.6007957559681696,0.19999999999999996,0.11676986584107324
0,51,FE-HITL,0.765,1.0358090185676392,0.04999999999999999,0.0022961816305469493
0,52,DL,0.745,1.8135376756066413,0.35,0.1902218782249742
0,52,Debiased-HITL,0.745,1.8135376756066413,0.35,0.1902218782249742
0,52,FE-HITL,0.76,1.1787994891443168,0.25,0.07443240454076368
0,53,DL,0.775,1.7627586206896553,0.175,0.12723168214654282
0,53,Debiased-HITL,0.77,1.4689655172413796,0.07500000000000001,0.06407378740970072
0,53,FE-HITL,0.76,1.0772413793103448,0.07500000000000001,0.02408410732714139
0,54,DL,0.785,1.6884661117717004,0.22499999999999998,0.14242776057791537
0,54,Debiased-HITL,0.78,1.6040428061831153,0.17500000000000004,0.1174277605779154
0,54,FE-HITL,0.775,0.8442330558858502,0.07499999999999996,0.06020381836945302
0,55,DL,0.705,1.0,0.05,0.025
0,55,Debiased-HITL,0.705,1.0,0.05,0.025
0,55,FE-HITL,0.705,1.0,0.05,0.025
0,56,DL,0.755,1.4902548725637181,0.07500000000000001,0.06407378740970072
0,56,Debiased-HITL,0.75,1.383808095952024,0.025000000000000022,0.03907378740970073
0,56,FE-HITL,0.745,0.8515742128935532,0.125,0.06224200206398349
0,57,DL,0.73,2.4482758620689657,0.15,0.07835397316821466
0,57,Debiased-HITL,0.72,0.8160919540229885,0.0,0.00980392156862745
0,57,FE-HITL,0.72,0.8160919540229885,0.0,0.00980392156862745
0,58,DL,0.765,2.273399014778325,0.175,0.12542569659442723
0,58,Debiased-HITL,0.76,2.098522167487685,0.125,0.10042569659442724
0,58,FE-HITL,0.755,1.2241379310344829,0.025000000000000022,0.0008900928792569783
0,59,DL,0.755,1.566896551724138,0.025000000000000022,0.06538957688338494
0,59,Debiased-HITL,0.76,1.4689655172413796,0.025000000000000022,0.052231682146542835
0,59,FE-HITL,0.77,1.0772413793103448,0.024999999999999967,0.012242002063983473
0,60,DL,0.72,2.9379310344827583,0.19999999999999998,0.1461816305469556
0,60,Debiased-HITL,0.705,1.7137931034482758,0.0,0.033023735810113516
0,60,FE-HITL,0.72,2.9379310344827583,0.19999999999999998,0.1461816305469556
0,61,DL,0.745,2.636604774535809,0.3,0.1781217750257998
0,61,Debiased-HITL,0.745,1.8832891246684351,0.2,0.10180598555211559
0,61,FE-HITL,0.725,1.129973474801061,0.0,0.001805985552115582
0,62,DL,0.755,2.098522167487685,0.35000000000000003,0.19667182662538701
0,62,Debiased-HITL,0.755,1.632183908045977,0.25000000000000006,0.12035603715170282
0,62,FE-HITL,0.74,1.0492610837438425,0.04999999999999999,0.007198142414860671
0,63,DL,0.74,3.264367816091954,0.175,0.10891382868937048
0,63,Debiased-HITL,0.735,1.2241379310344829,0.024999999999999994,0.007598039215686272
0,63,FE-HITL,0.735,1.2241379310344829,0.024999999999999994,0.007598039215686272
0,64,DL,0.77,4.080459770114943,0.4,0.2823013415892673
0,64,Debiased-HITL,0.745,1.0201149425287357,0.1,0.033488132094943245
0,64,FE-HITL,0.74,0.8160919540229885,0.15,0.05848813209494324
0,65,DL,0.775,1.789124668435013,0.29999999999999993,0.16676986584107323
0,65,Debiased-HITL,0.77,1.6949602122015914,0.25,0.14176986584107326
0,65,FE-HITL,0.775,0.8474801061007957,0.04999999999999999,0.02401960784313726
0,66,DL,0.74,1.872210953346856,0.125,0.09887770897832818
0,66,Debiased-HITL,0.74,1.5841784989858012,0.07499999999999996,0.06071981424148604
0,66,FE-HITL,0.74,1.0081135902636917,0.025000000000000022,0.015595975232198155
0,67,DL,0.77,1.3426028921023359,0.125,0.06946594427244582
0,67,Debiased-HITL,0.77,1.3426028921023359,0.125,0.06946594427244582
0,67,FE-HITL,0.775,0.9477196885428254,0.025000000000000022,0.020007739938080485
0,68,DL,0.73,1.5967016491754122,0.2,0.11186790505675955
0,68,Debiased-HITL,0.725,1.4902548725637181,0.15000000000000002,0.08686790505675955
0,68,FE-HITL,0.73,0.9580209895052474,0.04999999999999999,0.0026057791537667796
0,69,DL,0.725,2.693103448275862,0.125,0.11358359133126934
0,69,Debiased-HITL,0.73,0.9793103448275862,0.024999999999999994,0.014047987616099069
0,69,FE-HITL,0.725,1.2241379310344829,0.024999999999999994,0.0008900928792569644
0,70,DL,0.76,1.4689655172413794,0.22500000000000003,0.11456398348813211
0,70,Debiased-HITL,0.76,1.4689655172413794,0.22500000000000003,0.11456398348813211
0,70,FE-HITL,0.765,1.060919540229885,0.12500000000000006,0.02509029927760581
0,71,DL,0.745,1.1751724137931034,0.10000000000000003,0.03555211558307535
0,71,Debiased-HITL,0.745,1.1751724137931034,0.10000000000000003,0.03555211558307535
0,71,FE-HITL,0.745,1.1751724137931034,0.10000000000000003,0.03555211558307535
0,72,DL,0.775,2.0810344827586205,0.17500000000000004,0.14193756449948403
0,72,Debiased-HITL,0.765,1.8362068965517242,0.07500000000000001,0.09193756449948401
0,72,FE-HITL,0.765,1.1017241379310345,0.07500000000000001,0.02253611971104232
0,73,DL,0.75,1.7805642633228842,0.15000000000000002,0.11473168214654283
0,73,Debiased-HITL,0.75,1.7805642633228842,0.15000000000000002,0.11473168214654283
0,73,FE-HITL,0.73,0.8902821316614421,0.14999999999999997,0.06158410732714137
0,74,DL,0.7,0.0,0.025,0.017401960784313726
0,74,Debiased-HITL,0.705,1.2241379310344827,0.025,0.007598039215686275
0,74,FE-HITL,0.705,1.2241379310344827,0.025,0.007598039215686275
0,75,DL,0.785,2.098522167487685,0.275,0.1738777089783282
0,75,Debiased-HITL,0.78,1.9819376026272577,0.22499999999999998,0.14887770897832817
0,75,FE-HITL,0.77,1.0492610837438425,0.025000000000000022,0.015595975232198155
0,76,DL,0.705,0.0,0.025,0.0125
0,76,Debiased-HITL,0.705,9.793103448275861,0.07500000000000001,0.06381578947368421
0,76,FE-HITL,0.705,0.0,0.025,0.0125
0,77,DL,0.705,1.0881226053639848,0.04999999999999999,0.013648090815273472
0,77,Debiased-HITL,0.705,1.0881226053639848,0.04999999999999999,0.013648090815273472
0,77,FE-HITL,0.705,1.0881226053639848,0.04999999999999999,0.013648090815273472
0,78,DL,0.74,1.2961460446247466,0.024999999999999967,0.022561919504643944
0,78,Debiased-HITL,0.74,1.2961460446247466,0.024999999999999967,0.022561919504643944
0,78,FE-HITL,0.74,1.0081135902636917,0.025000000000000022,0.015595975232198155
0,79,DL,0.76,1.5415070242656448,0.275,0.1313080495356037
0,79,Debiased-HITL,0.76,1.5415070242656448,0.275,0.1313080495356037
0,79,FE-HITL,0.74,0.9974457215836526,0.025000000000000022,0.00684984520123838
0,80,DL,0.755,1.3261494252873565,0.07500000000000001,0.04601393188854489
0,80,Debiased-HITL,0.755,1.3261494252873565,0.07500000000000001,0.04601393188854489
0,80,FE-HITL,0.75,1.0201149425287357,0.025000000000000022,0.01714396284829723
0,81,DL,0.77,2.0402298850574714,0.25,0.17788957688338491
0,81,Debiased-HITL,0.775,1.9382183908045976,0.25,0.16473168214654282
0,81,FE-HITL,0.77,2.0402298850574714,0.25,0.17788957688338491
0,82,DL,0.725,1.2241379310344827,0.19999999999999996,0.07755417956656344
0,82,Debiased-HITL,0.725,1.2241379310344827,0.19999999999999996,0.07755417956656344
0,82,FE-HITL,0.725,1.2241379310344827,0.19999999999999996,0.07755417956656344
0,83,DL,0.75,2.4482758620689657,0.275,0.1656217750257998
0,83,Debiased-HITL,0.74,1.7487684729064041,0.12499999999999997,0.07746388028895768
0,83,FE-HITL,0.735,1.2241379310344829,0.024999999999999994,0.01430598555211558
0,84,DL,0.725,1.3261494252873565,0.22499999999999998,0.08824819401444788
0,84,Debiased-HITL,0.725,1.3261494252873565,0.22499999999999998,0.08824819401444788
0,84,FE-HITL,0.735,1.122126436781609,0.22499999999999998,0.061932404540763666
0,85,DL,0.775,1.8918495297805642,0.22499999999999998,0.14397574819401443
0,85,Debiased-HITL,0.765,1.669278996865204,0.125,0.09397574819401444
0,85,FE-HITL,0.755,0.7789968652037619,0.125,0.07049793601651187
0,86,DL,0.715,1.8362068965517242,0.15,0.08506191950464395
0,86,Debiased-HITL,0.705,1.0201149425287357,0.0,0.0030959752321981435
0,86,FE-HITL,0.705,1.0201149425287357,0.0,0.0030959752321981435
0,87,DL,0.735,1.371034482758621,0.175,0.08130804953560371
0,87,Debiased-HITL,0.735,1.371034482758621,0.175,0.08130804953560371
0,87,FE-HITL,0.725,0.9793103448275864,0.024999999999999967,0.006849845201238408
0,88,DL,0.695,3.264367816091954,0.07500000000000001,0.054011867905056764
0,88,Debiased-HITL,0.695,0.0,0.025,0.02230392156862745
0,88,FE-HITL,0.69,0.8160919540229885,0.025,0.009146026831785347
0,89,DL,0.78,1.722860791826309,0.2,0.1348297213622291
0,89,Debiased-HITL,0.785,1.632183908045977,0.2,0.121671826625387
0,89,FE-HITL,0.78,1.1787994891443168,0.04999999999999999,0.020356037151702776
0,90,DL,0.72,8.977011494252872,0.3,0.19772961816305468
0,90,Debiased-HITL,0.705,0.0,0.05,0.029901960784313727
0,90,FE-HITL,0.71,0.8160919540229885,0.0,0.004901960784313725
0,91,DL,0.73,1.142528735632184,0.024999999999999994,0.009404024767801854
0,91,Debiased-HITL,0.73,1.142528735632184,0.024999999999999994,0.009404024767801854
0,91,FE-HITL,0.73,1.142528735632184,0.024999999999999994,0.009404024767801854
1,42,DL,0.73,0.8545081967213114,0.057142857142857106,0.04833638583638582
1,42,Debiased-HITL,0.73,0.8545081967213114,0.057142857142857106,0.04833638583638582
1,42,FE-HITL,0.73,0.8545081967213114,0.057142857142857106,0.04833638583638582
1,43,DL,0.72,1.3925318761384335,0.21142857142857147,0.0880860805860806
1,43,Debiased-HITL,0.72,1.3925318761384335,0.21142857142857147,0.0880860805860806
1,43,FE-HITL,0.72,1.0127504553734064,0.09142857142857147,0.013580586080586064
1,44,DL,0.74,1.3292349726775956,0.09714285714285714,0.03254578754578754
1,44,Debiased-HITL,0.74,1.3292349726775956,0.09714285714285714,0.03254578754578754
1,44,FE-HITL,0.73,0.9494535519125682,0.022857142857142854,0.041343101343101346
1,45,DL,0.72,1.2659380692167577,0.24,0.06978632478632478
1,45,Debiased-HITL,0.72,1.2659380692167577,0.24,0.06978632478632478
1,45,FE-HITL,0.705,0.9494535519125683,0.07999999999999996,0.024102564102564117
1,46,DL,0.76,1.464871194379391,0.19999999999999996,0.07435897435897434
1,46,Debiased-HITL,0.76,1.464871194379391,0.19999999999999996,0.07435897435897434
1,46,FE-HITL,0.735,1.0579625292740047,0.0,0.02564102564102564
1,47,DL,0.755,1.1993097497842966,0.022857142857142854,0.017304639804639803
1,47,Debiased-HITL,0.755,1.1993097497842966,0.022857142857142854,0.017304639804639803
1,47,FE-HITL,0.755,1.1993097497842966,0.022857142857142854,0.017304639804639803
1,48,DL,0.75,0.7595628415300546,0.07428571428571429,0.07079670329670329
1,48,Debiased-HITL,0.75,0.7595628415300546,0.07428571428571429,0.07079670329670329
1,48,FE-HITL,0.75,1.0127504553734064,0.03428571428571425,0.03690781440781439
1,49,DL,0.725,1.3870277975766216,0.017142857142857126,0.025131257631257627
1,49,Debiased-HITL,0.73,1.2879543834640057,0.017142857142857126,0.011242368742368732
1,49,FE-HITL,0.73,1.089807555238774,0.022857142857142854,0.022646520146520147
1,50,DL,0.725,1.3146279949558637,0.09714285714285714,0.03681929181929182
1,50,Debiased-HITL,0.725,1.3146279949558637,0.09714285714285714,0.03681929181929182
1,50,FE-HITL,0.715,0.9640605296343001,0.022857142857142854,0.03706959706959707
1,51,DL,0.725,1.7903981264637003,0.12,0.06801282051282051
1,51,Debiased-HITL,0.73,1.3021077283372366,0.08000000000000002,0.020235042735042744
1,51,FE-HITL,0.715,0.8138173302107727,0.04000000000000001,0.03976495726495727
1,52,DL,0.745,1.640655737704918,0.14857142857142858,0.08603785103785104
1,52,Debiased-HITL,0.735,1.4583606557377051,0.06857142857142856,0.04603785103785103
1,52,FE-HITL,0.725,0.9114754098360656,0.09142857142857141,0.06173992673992674
1,53,DL,0.71,1.3192407247627265,0.04571428571428571,0.0033180708180708257
1,53,Debiased-HITL,0.71,1.3192407247627265,0.04571428571428571,0.0033180708180708257
1,53,FE-HITL,0.71,1.079378774805867,0.08571428571428569,0.03057081807081806
1,54,DL,0.7,1.772313296903461,0.02285714285714291,0.06538156288156291
1,54,Debiased-HITL,0.705,1.6457194899817849,0.02285714285714291,0.051492673992674015
1,54,FE-HITL,0.72,1.0127504553734064,0.017142857142857126,0.024062881562881555
1,55,DL,0.745,1.439171699741156,0.04571428571428571,0.026062271062271054
1,55,Debiased-HITL,0.745,1.439171699741156,0.04571428571428571,0.026062271062271054
1,55,FE-HITL,0.74,0.8395168248490077,0.07428571428571429,0.06171550671550672
1,56,DL,0.74,1.0357675111773472,0.04571428571428571,0.016138583638583642
1,56,Debiased-HITL,0.74,1.0357675111773472,0.04571428571428571,0.016138583638583642
1,56,FE-HITL,0.74,1.0357675111773472,0.04571428571428571,0.016138583638583642
1,57,DL,0.72,1.3021077283372366,0.20571428571428574,0.06279304029304031
1,57,Debiased-HITL,0.72,1.3021077283372366,0.20571428571428574,0.06279304029304031
1,57,FE-HITL,0.71,0.9765807962529274,0.08571428571428574,0.011095848595848584
1,58,DL,0.715,1.6879174256223435,0.17714285714285716,0.1136782661782662
1,58,Debiased-HITL,0.725,1.5191256830601092,0.17714285714285716,0.08590048840048842
1,58,FE-HITL,0.72,0.928354584092289,0.017142857142857126,0.03576617826617827
1,59,DL,0.745,1.9938524590163933,0.32571428571428573,0.16980158730158731
1,59,Debiased-HITL,0.735,1.6140710382513659,0.20571428571428574,0.09591269841269842
1,59,FE-HITL,0.745,1.9938524590163933,0.32571428571428573,0.16980158730158731
1,60,DL,0.74,1.2496033844526704,0.16000000000000003,0.03993589743589745
1,60,Debiased-HITL,0.74,1.2496033844526704,0.16000000000000003,0.03993589743589745
1,60,FE-HITL,0.74,1.2496033844526704,0.16000000000000003,0.03993589743589745
1,61,DL,0.75,1.1993097497842966,0.12571428571428578,0.022258852258852282
1,61,Debiased-HITL,0.75,1.1993097497842966,0.12571428571428578,0.022258852258852282
1,61,FE-HITL,0.75,1.1993097497842966,0.12571428571428578,0.022258852258852282
1,62,DL,0.73,1.434729811778992,0.24571428571428577,0.08760073260073262
1,62,Debiased-HITL,0.73,1.434729811778992,0.24571428571428577,0.08760073260073262
1,62,FE-HITL,0.715,1.0127504553734061,0.08571428571428574,0.00628815628815628
1,63,DL,0.715,1.323109465891063,0.14857142857142858,0.0571916971916972
1,63,Debiased-HITL,0.715,1.323109465891063,0.14857142857142858,0.0571916971916972
1,63,FE-HITL,0.73,0.955579058699101,0.10857142857142854,0.01836385836385837
1,64,DL,0.72,1.5191256830601092,0.12571428571428572,0.06980158730158731
1,64,Debiased-HITL,0.725,1.4241803278688523,0.12571428571428572,0.055912698412698414
1,64,FE-HITL,0.725,1.044398907103825,0.04571428571428571,0.01186507936507937
1,65,DL,0.745,1.6084860173577626,0.1428571428571429,0.060744810744810765
1,65,Debiased-HITL,0.73,1.206364513018322,0.02285714285714291,0.0007448107448107671
1,65,FE-HITL,0.72,0.9382835101253616,0.057142857142857106,0.03925518925518924
1,66,DL,0.72,1.2496033844526704,0.14857142857142858,0.043302808302808304
1,66,Debiased-HITL,0.72,1.2496033844526704,0.14857142857142858,0.043302808302808304
1,66,FE-HITL,0.72,1.2496033844526704,0.14857142857142858,0.043302808302808304
1,67,DL,0.715,1.736143637782982,0.11428571428571432,0.08759157509157511
1,67,Debiased-HITL,0.715,1.3021077283372364,0.03428571428571431,0.019813797313797323
1,67,FE-HITL,0.71,0.9765807962529274,0.04571428571428571,0.03407509157509157
1,68,DL,0.7,2.278688524590164,0.01142857142857143,0.014795482295482295
1,68,Debiased-HITL,0.695,1.139344262295082,0.02857142857142857,0.005204517704517705
1,68,FE-HITL,0.695,1.139344262295082,0.02857142857142857,0.005204517704517705
1,69,DL,0.72,1.206364513018322,0.16000000000000003,0.03940170940170941
1,69,Debiased-HITL,0.72,1.206364513018322,0.16000000000000003,0.03940170940170941
1,69,FE-HITL,0.72,1.206364513018322,0.16000000000000003,0.03940170940170941
1,70,DL,0.705,1.139344262295082,0.01142857142857143,0.0009065934065934072
1,70,Debiased-HITL,0.705,1.139344262295082,0.01142857142857143,0.0009065934065934072
1,70,FE-HITL,0.705,1.139344262295082,0.01142857142857143,0.0009065934065934072
1,71,DL,0.74,1.3672131147540985,0.16000000000000003,0.05863247863247864
1,71,Debiased-HITL,0.74,1.3672131147540985,0.16000000000000003,0.05863247863247864
1,71,FE-HITL,0.73,1.0633879781420765,0.03999999999999998,0.015256410256410273
1,72,DL,0.745,1.9938524590163933,0.32571428571428573,0.16980158730158731
1,72,Debiased-HITL,0.75,1.8989071038251364,0.32571428571428573,0.15591269841269842
1,72,FE-HITL,0.745,1.9938524590163933,0.32571428571428573,0.16980158730158731
1,73,DL,0.73,1.2879543834640057,0.08571428571428574,0.02683150183150184
1,73,Debiased-HITL,0.73,1.2879543834640057,0.08571428571428574,0.02683150183150184
1,73,FE-HITL,0.715,0.9907341411261582,0.03428571428571425,0.03316849816849816
1,74,DL,0.735,1.4811475409836066,0.18285714285714288,0.06632173382173384
1,74,Debiased-HITL,0.735,1.4811475409836066,0.18285714285714288,0.06632173382173384
1,74,FE-HITL,0.725,1.025409836065574,0.06285714285714289,0.007567155067155051
1,75,DL,0.75,1.3292349726775956,0.06857142857142856,0.02306776556776556
1,75,Debiased-HITL,0.75,1.3292349726775956,0.06857142857142856,0.02306776556776556
1,75,FE-HITL,0.745,1.044398907103825,0.011428571428571455,0.030821123321123335
1,76,DL,0.72,1.5665983606557377,0.19999999999999996,0.11068376068376067
1,76,Debiased-HITL,0.72,1.5665983606557377,0.19999999999999996,0.11068376068376067
1,76,FE-HITL,0.72,1.5665983606557377,0.19999999999999996,0.11068376068376067
1,77,DL,0.71,0.9494535519125682,0.03428571428571431,0.022387057387057374
1,77,Debiased-HITL,0.71,0.9494535519125682,0.03428571428571431,0.022387057387057374
1,77,FE-HITL,0.71,0.9494535519125682,0.03428571428571431,0.022387057387057374
1,78,DL,0.715,0.8138173302107727,0.04000000000000001,0.03976495726495727
1,78,Debiased-HITL,0.715,0.8138173302107727,0.04000000000000001,0.03976495726495727
1,78,FE-HITL,0.715,0.8138173302107727,0.04000000000000001,0.03976495726495727
1,79,DL,0.74,1.6276346604215455,0.22857142857142854,0.1116147741147741
1,79,Debiased-HITL,0.735,1.5462529274004684,0.1885714285714286,0.09161477411477414
1,79,FE-HITL,0.745,1.2207259953161593,0.14857142857142858,0.029948107448107456
1,80,DL,0.735,1.350333940497875,0.03999999999999998,0.026944444444444438
1,80,Debiased-HITL,0.735,1.350333940497875,0.03999999999999998,0.026944444444444438
1,80,FE-HITL,0.745,1.0127504553734061,0.0,0.034722222222222224
1,81,DL,0.72,1.6572280178837557,0.1542857142857143,0.0888949938949939
1,81,Debiased-HITL,0.705,1.139344262295082,0.005714285714285672,0.004993894993894979
1,81,FE-HITL,0.705,0.9321907600596125,0.04571428571428571,0.038882783882783885
1,82,DL,0.72,1.4106167056986727,0.07428571428571429,0.03981379731379731
1,82,Debiased-HITL,0.72,1.4106167056986727,0.07428571428571429,0.03981379731379731
1,82,FE-HITL,0.71,0.9765807962529274,0.04571428571428571,0.03407509157509157
1,83,DL,0.755,1.4241803278688523,0.17714285714285716,0.05865689865689866
1,83,Debiased-HITL,0.755,1.4241803278688523,0.17714285714285716,0.05865689865689866
1,83,FE-HITL,0.73,0.9494535519125682,0.022857142857142854,0.041343101343101346
1,84,DL,0.735,1.4899117276166456,0.10857142857142854,0.06123015873015872
1,84,Debiased-HITL,0.735,1.4899117276166456,0.10857142857142854,0.06123015873015872
1,84,FE-HITL,0.73,0.8764186633039092,0.051428571428571435,0.06043650793650794
1,85,DL,0.725,0.9594477998274374,0.11428571428571427,0.05393772893772893
1,85,Debiased-HITL,0.725,0.9594477998274374,0.11428571428571427,0.05393772893772893
1,85,FE-HITL,0.725,0.9594477998274374,0.11428571428571427,0.05393772893772893
1,86,DL,0.745,1.7608047690014903,0.13714285714285712,0.08993894993894994
1,86,Debiased-HITL,0.755,1.553651266766021,0.13714285714285712,0.062161172161172146
1,86,FE-HITL,0.75,1.0357675111773472,0.017142857142857126,0.02561660561660563
1,87,DL,0.75,1.4929338609383833,0.1314285714285715,0.0678510378510379
1,87,Debiased-HITL,0.75,1.4929338609383833,0.1314285714285715,0.0678510378510379
1,87,FE-HITL,0.745,0.9429055963821368,0.028571428571428525,0.05381562881562879
1,88,DL,0.715,0.9321907600596125,0.005714285714285672,0.032771672771672755
1,88,Debiased-HITL,0.715,0.9321907600596125,0.005714285714285672,0.032771672771672755
1,88,FE-HITL,0.715,0.9321907600596125,0.005714285714285672,0.032771672771672755
1,89,DL,0.715,1.1815421979356404,0.05714285714285716,0.012011599511599524
1,89,Debiased-HITL,0.715,1.1815421979356404,0.05714285714285716,0.012011599511599524
1,89,FE-HITL,0.715,1.1815421979356404,0.05714285714285716,0.012011599511599524
1,90,DL,0.695,0.8861566484517305,0.0,0.025106837606837608
1,90,Debiased-HITL,0.695,0.8861566484517305,0.0,0.025106837606837608
1,90,FE-HITL,0.695,0.8861566484517305,0.0,0.025106837606837608
1,91,DL,0.75,1.2269861286254728,0.03999999999999998,0.003974358974358959
1,91,Debiased-HITL,0.75,1.2269861286254728,0.03999999999999998,0.003974358974358959
1,91,FE-HITL,0.75,1.2269861286254728,0.03999999999999998,0.003974358974358959
2,42,DL,0.74,1.6727716727716728,0.11633372502937717,0.1031668625146886
2,42,Debiased-HITL,0.73,1.5054945054945055,0.029377203290246734,0.05968860164512337
2,42,FE-HITL,0.725,1.0873015873015872,0.10105757931844889,0.030528789659224446
2,43,DL,0.755,1.499726327312534,0.1057579318448883,0.08037896592244415
2,43,Debiased-HITL,0.755,1.499726327312534,0.1057579318448883,0.08037896592244415
2,43,FE-HITL,0.75,1.1247947454844007,0.024676850763807323,0.00983842538190366
2,44,DL,0.74,1.2747673782156541,0.11633372502937717,0.050666862514688576
2,44,Debiased-HITL,0.74,1.2747673782156541,0.11633372502937717,0.050666862514688576
2,44,FE-HITL,0.725,1.049808429118774,0.014101057579318454,0.014550528789659234
2,45,DL,0.74,1.4497354497354495,0.13278495887191533,0.08389247943595765
2,45,Debiased-HITL,0.745,1.3772486772486772,0.13278495887191533,0.07139247943595765
2,45,FE-HITL,0.73,0.8698412698412697,0.08460634547591073,0.06230317273795537
2,46,DL,0.745,1.3591269841269842,0.015276145710928335,0.0001380728554641669
2,46,Debiased-HITL,0.745,1.3591269841269842,0.015276145710928335,0.0001380728554641669
2,46,FE-HITL,0.74,1.0873015873015872,0.05875440658049355,0.021877203290246776
2,47,DL,0.725,1.0873015873015872,0.0011750881316098527,0.004412455934195071
2,47,Debiased-HITL,0.725,1.0873015873015872,0.0011750881316098527,0.004412455934195071
2,47,FE-HITL,0.725,1.0873015873015872,0.0011750881316098527,0.004412455934195071
2,48,DL,0.685,0.0,0.02702702702702703,0.03351351351351352
2,48,Debiased-HITL,0.685,4.34920634920635,0.19036427732079905,0.13768213866039952
2,48,FE-HITL,0.68,1.3047619047619048,0.016451233842538188,0.013225616921269095
2,49,DL,0.735,1.7564102564102564,0.11633372502937717,0.11566686251468858
2,49,Debiased-HITL,0.725,1.421855921855922,0.014101057579318454,0.03794947121034078
2,49,FE-HITL,0.725,0.92002442002442,0.14453584018801413,0.06476792009400706
2,50,DL,0.735,1.5657142857142856,0.099882491186839,0.0824412455934195
2,50,Debiased-HITL,0.735,1.5657142857142856,0.099882491186839,0.0824412455934195
2,50,FE-HITL,0.725,1.0438095238095237,0.07403055229142186,0.02951527614571093
2,51,DL,0.76,1.9571428571428573,0.099882491186839,0.1074412455934195
2,51,Debiased-HITL,0.765,1.630952380952381,0.05640423031727376,0.06070211515863688
2,51,FE-HITL,0.765,0.9785714285714286,0.07403055229142186,0.04201527614571093
2,52,DL,0.76,1.6073153899240855,0.07285546415981198,0.07142773207990599
2,52,Debiased-HITL,0.76,1.6073153899240855,0.07285546415981198,0.07142773207990599
2,52,FE-HITL,0.755,1.3236714975845412,0.014101057579318454,0.015449471210340772
2,53,DL,0.76,1.6727716727716728,0.13278495887191533,0.10389247943595765
2,53,Debiased-HITL,0.76,1.6727716727716728,0.13278495887191533,0.10389247943595765
2,53,FE-HITL,0.755,1.0873015873015872,0.04112808460634548,0.02056404230317274
2,54,DL,0.775,1.499726327312534,0.051703877790834296,0.06335193889541714
2,54,Debiased-HITL,0.775,1.499726327312534,0.051703877790834296,0.06335193889541714
2,54,FE-HITL,0.78,1.1247947454844007,0.03525264394829608,0.01762632197414804
2,55,DL,0.73,1.3979591836734693,0.07285546415981198,0.05892773207990598
2,55,Debiased-HITL,0.735,1.3202947845804989,0.07285546415981198,0.046427732079905984
2,55,FE-HITL,0.72,1.0873015873015872,0.0575793184488837,0.018789659224441854
2,56,DL,0.74,2.509157509157509,0.21856639247943593,0.14678319623971797
2,56,Debiased-HITL,0.715,1.0036630036630036,0.08578143360752058,0.030390716803760293
2,56,FE-HITL,0.715,1.0036630036630036,0.08578143360752058,0.030390716803760293
2,57,DL,0.735,1.2545787545787546,0.014101057579318454,0.01294947121034077
2,57,Debiased-HITL,0.735,1.2545787545787546,0.014101057579318454,0.01294947121034077
2,57,FE-HITL,0.735,1.0873015873015872,0.0575793184488837,0.02128965922444185
2,58,DL,0.775,1.421855921855922,0.008225616921269108,0.030887191539365443
2,58,Debiased-HITL,0.775,1.421855921855922,0.008225616921269108,0.030887191539365443
2,58,FE-HITL,0.76,1.0036630036630036,0.18213866039952997,0.068569330199765
2,59,DL,0.74,1.5532879818594103,0.08930669800235014,0.08465334900117508
2,59,Debiased-HITL,0.735,1.47562358276644,0.04582843713278495,0.06291421856639248
2,59,FE-HITL,0.735,1.0096371882086168,0.08460634547591073,0.03980317273795536
2,60,DL,0.74,1.8121693121693119,0.1433607520564042,0.1216803760282021
2,60,Debiased-HITL,0.745,1.5403439153439151,0.099882491186839,0.0749412455934195
2,60,FE-HITL,0.745,0.9966931216931216,0.03055229142185667,0.02777614571092834
2,61,DL,0.73,1.630952380952381,0.10458284371327847,0.06729142185663924
2,61,Debiased-HITL,0.73,1.3591269841269842,0.061104582843713284,0.03305229142185664
2,61,FE-HITL,0.73,1.0873015873015872,0.01762632197414804,0.0011868390129259818
2,62,DL,0.755,1.2626728110599077,0.03525264394829608,0.027626321974148035
2,62,Debiased-HITL,0.755,1.2626728110599077,0.03525264394829608,0.027626321974148035
2,62,FE-HITL,0.74,1.0522273425499231,0.09518213866039954,0.037591069330199775
2,63,DL,0.725,1.3236714975845412,0.06698002350176263,0.040990011750881315
2,63,Debiased-HITL,0.725,1.3236714975845412,0.06698002350176263,0.040990011750881315
2,63,FE-HITL,0.725,1.134575569358178,0.023501762632197387,0.006750881316098696
2,64,DL,0.77,2.381708238851096,0.27379553466509987,0.20189776733254994
2,64,Debiased-HITL,0.76,1.7603930461073316,0.099882491186839,0.0899412455934195
2,64,FE-HITL,0.755,1.035525321239607,0.07403055229142186,0.034515276145710934
2,65,DL,0.755,1.215219421101774,0.051703877790834296,0.025851938895417148
2,65,Debiased-HITL,0.755,1.215219421101774,0.051703877790834296,0.025851938895417148
2,65,FE-HITL,0.755,1.215219421101774,0.051703877790834296,0.025851938895417148
2,66,DL,0.71,1.1247947454844007,0.0575793184488837,0.011289659224441861
2,66,Debiased-HITL,0.71,1.1247947454844007,0.0575793184488837,0.011289659224441861
2,66,FE-HITL,0.71,1.1247947454844007,0.0575793184488837,0.011289659224441861
2,67,DL,0.735,1.3289241622574954,0.007050528789659227,0.018525264394829613
2,67,Debiased-HITL,0.735,1.3289241622574954,0.007050528789659227,0.018525264394829613
2,67,FE-HITL,0.735,1.0873015873015872,0.03642773207990602,0.015713866039953013
2,68,DL,0.74,1.5532879818594103,0.009400705052878988,0.02529964747356051
2,68,Debiased-HITL,0.735,1.3979591836734693,0.052878965922444204,0.0035605170387779
2,68,FE-HITL,0.735,1.0873015873015872,0.09635722679200942,0.030678613396004712
2,69,DL,0.735,2.0073260073260073,0.1316098707403055,0.09080493537015275
2,69,Debiased-HITL,0.73,1.84004884004884,0.08813160987074031,0.06906580493537015
2,69,FE-HITL,0.73,1.170940170940171,0.0011750881316098527,0.0005875440658049264
2,70,DL,0.71,0.0,0.10810810810810811,0.06405405405405405
2,70,Debiased-HITL,0.715,1.8121693121693119,0.022326674500587534,0.026163337250293767
2,70,FE-HITL,0.71,0.0,0.10810810810810811,0.06405405405405405
2,71,DL,0.725,0.9966931216931216,0.1175088131609871,0.046254406580493554
2,71,Debiased-HITL,0.725,0.9966931216931216,0.1175088131609871,0.046254406580493554
2,71,FE-HITL,0.725,0.9966931216931216,0.1175088131609871,0.046254406580493554
2,72,DL,0.7,0.0,0.02702702702702703,0.018513513513513515
2,72,Debiased-HITL,0.695,1.0873015873015872,0.02702702702702703,0.006013513513513514
2,72,FE-HITL,0.695,1.0873015873015872,0.02702702702702703,0.006013513513513514
2,73,DL,0.72,1.5747126436781609,0.11633372502937717,0.10066686251468858
2,73,Debiased-HITL,0.715,1.499726327312534,0.07285546415981198,0.07892773207990599
2,73,FE-HITL,0.73,1.1247947454844007,0.029377203290246734,0.00718860164512336
2,74,DL,0.71,1.2589807852965746,0.061104582843713284,0.030552291421856642
2,74,Debiased-HITL,0.71,1.2589807852965746,0.061104582843713284,0.030552291421856642
2,74,FE-HITL,0.7,1.0300751879699248,0.025851938895417176,0.012925969447708588
2,75,DL,0.72,1.5222222222222224,0.12103407755581669,0.07301703877790834
2,75,Debiased-HITL,0.72,1.3047619047619048,0.07755581668625144,0.03877790834312572
2,75,FE-HITL,0.725,0.9785714285714286,0.034077555816686256,0.007961222091656874
2,76,DL,0.7,2.1746031746031744,0.06580493537015275,0.06290246768507637
2,76,Debiased-HITL,0.71,1.0873015873015872,0.022326674500587534,0.0036633372502937675
2,76,FE-HITL,0.71,1.0873015873015872,0.022326674500587534,0.0036633372502937675
2,77,DL,0.74,1.4497354497354495,0.014101057579318454,0.03544947121034077
2,77,Debiased-HITL,0.74,1.2685185185185184,0.0575793184488837,0.0012103407755581497
2,77,FE-HITL,0.755,0.9966931216931216,0.0575793184488837,0.03628965922444185
2,78,DL,0.72,1.7396825396825397,0.05522914218566391,0.04511457109283196
2,78,Debiased-HITL,0.725,1.5222222222222224,0.05522914218566391,0.03261457109283196
2,78,FE-HITL,0.72,0.8698412698412699,0.03172737955346652,0.02336368977673326
2,79,DL,0.75,1.8121693121693119,0.11633372502937717,0.11316686251468859
2,79,Debiased-HITL,0.755,1.7215608465608463,0.11633372502937717,0.10066686251468858
2,79,FE-HITL,0.75,1.8121693121693119,0.11633372502937717,0.11316686251468859
2,80,DL,0.715,1.3917460317460317,0.11045828437132782,0.0652291421856639
2,80,Debiased-HITL,0.71,1.3047619047619048,0.06698002350176263,0.04349001175088131
2,80,FE-HITL,0.71,0.9568253968253968,0.0199764982373678,0.0249882491186839
2,81,DL,0.755,1.771898883009994,0.1057579318448883,0.11537896592244415
2,81,Debiased-HITL,0.755,1.6108171663727218,0.06227967097532311,0.08113983548766156
2,81,FE-HITL,0.755,0.9664902998236331,0.11163337250293776,0.05581668625146888
2,82,DL,0.73,1.630952380952381,0.034077555816686256,0.04953877790834313
2,82,Debiased-HITL,0.74,1.3591269841269842,0.034077555816686256,0.024538777908343128
2,82,FE-HITL,0.73,0.8154761904761905,0.09635722679200942,0.05317861339600471
2,83,DL,0.71,1.0873015873015872,0.099882491186839,0.022441245593419507
2,83,Debiased-HITL,0.71,1.0873015873015872,0.099882491186839,0.022441245593419507
2,83,FE-HITL,0.71,1.0873015873015872,0.099882491186839,0.022441245593419507
2,84,DL,0.75,1.4950396825396826,0.12220916568742657,0.09110458284371328
2,84,Debiased-HITL,0.75,1.4950396825396826,0.12220916568742657,0.09110458284371328
2,84,FE-HITL,0.735,0.8834325396825397,0.13866039952996478,0.0768301997649824
2,85,DL,0.7,4.349206349206349,0.059929494712103404,0.049964747356051706
2,85,Debiased-HITL,0.7,0.0,0.02702702702702703,0.018513513513513515
2,85,FE-HITL,0.695,1.0873015873015872,0.02702702702702703,0.006013513513513514
2,86,DL,0.775,1.1223758320532513,0.13278495887191538,0.041392479435957696
2,86,Debiased-HITL,0.775,1.1223758320532513,0.13278495887191538,0.041392479435957696
2,86,FE-HITL,0.775,1.1223758320532513,0.13278495887191538,0.041392479435957696
2,87,DL,0.7,1.0,0.0,0.0
2,87,Debiased-HITL,0.7,1.0,0.0,0.0
2,87,FE-HITL,0.7,1.0,0.0,0.0
2,88,DL,0.715,1.4497354497354495,0.12690951821386603,0.080954759106933
2,88,Debiased-HITL,0.715,1.4497354497354495,0.12690951821386603,0.080954759106933
2,88,FE-HITL,0.695,1.1275720164609053,0.04700352526439483,0.006001762632197427
2,89,DL,0.74,1.3047619047619046,0.061104582843713284,0.025552291421856645
2,89,Debiased-HITL,0.74,1.3047619047619046,0.061104582843713284,0.025552291421856645
2,89,FE-HITL,0.73,1.0148148148148146,0.025851938895417176,0.017925969447708585
2,90,DL,0.75,1.7964113181504486,0.1433607520564042,0.1141803760282021
2,90,Debiased-HITL,0.74,1.6073153899240855,0.05640423031727376,0.07070211515863688
2,90,FE-HITL,0.735,1.134575569358178,0.07403055229142186,0.019515276145710928
2,91,DL,0.75,1.5747126436781609,0.1057579318448883,0.09287896592244416
2,91,Debiased-HITL,0.75,1.5747126436781609,0.1057579318448883,0.09287896592244416
2,91,FE-HITL,0.75,1.2747673782156541,0.01880141010575792,0.02440070505287896
3,42,DL,0.71,0.7083333333333333,0.075,0.026136363636363635
3,42,Debiased-HITL,0.715,1.4166666666666665,0.024999999999999994,0.0011363636363636333
3,42,FE-HITL,0.71,0.7083333333333333,0.075,0.026136363636363635
3,43,DL,0.765,1.1383928571428572,0.024999999999999967,0.008806818181818193
3,43,Debiased-HITL,0.765,1.1383928571428572,0.024999999999999967,0.008806818181818193
3,43,FE-HITL,0.765,1.1383928571428572,0.024999999999999967,0.008806818181818193
3,44,DL,0.72,1.59375,0.0,0.023674242424242424
3,44,Debiased-HITL,0.72,1.0625,0.04999999999999999,0.012689393939393933
3,44,FE-HITL,0.72,1.0625,0.04999999999999999,0.012689393939393933
3,45,DL,0.72,0.9107142857142858,0.0,0.008522727272727272
3,45,Debiased-HITL,0.72,0.9107142857142858,0.0,0.008522727272727272
3,45,FE-HITL,0.72,0.9107142857142858,0.0,0.008522727272727272
3,46,DL,0.765,0.53125,0.175,0.1021780303030303
3,46,Debiased-HITL,0.755,0.74375,0.175,0.07945075757575758
3,46,FE-HITL,0.755,0.9562499999999999,0.125,0.043087121212121215
3,47,DL,0.7,1.0,0.0,0.0
3,47,Debiased-HITL,0.7,1.0,0.0,0.0
3,47,FE-HITL,0.7,1.0,0.0,0.0
3,48,DL,0.735,1.2041666666666666,0.07499999999999996,0.007481060606060637
3,48,Debiased-HITL,0.735,1.2041666666666666,0.07499999999999996,0.007481060606060637
3,48,FE-HITL,0.735,1.2041666666666666,0.07499999999999996,0.007481060606060637
3,49,DL,0.735,1.1018518518518519,0.07500000000000001,0.03181818181818182
3,49,Debiased-HITL,0.735,1.1018518518518519,0.07500000000000001,0.03181818181818182
3,49,FE-HITL,0.735,1.1018518518518519,0.07500000000000001,0.03181818181818182
3,50,DL,0.76,0.9763513513513514,0.07499999999999996,0.030871212121212105
3,50,Debiased-HITL,0.76,0.9763513513513514,0.07499999999999996,0.030871212121212105
3,50,FE-HITL,0.76,0.9763513513513514,0.07499999999999996,0.030871212121212105
3,51,DL,0.765,1.096774193548387,0.0,0.010890151515151512
3,51,Debiased-HITL,0.765,1.096774193548387,0.0,0.010890151515151512
3,51,FE-HITL,0.765,1.096774193548387,0.0,0.010890151515151512
3,52,DL,0.755,1.4166666666666667,0.04999999999999999,0.0690340909090909
3,52,Debiased-HITL,0.75,1.337962962962963,0.0,0.04403409090909091
3,52,FE-HITL,0.74,1.0231481481481481,0.15000000000000002,0.04232954545454547
3,53,DL,0.715,2.8333333333333335,0.15,0.1275568181818182
3,53,Debiased-HITL,0.71,1.6527777777777777,0.0,0.029829545454545456
3,53,FE-HITL,0.715,2.8333333333333335,0.15,0.1275568181818182
3,54,DL,0.74,1.0625,0.04999999999999999,0.0202651515151515
3,54,Debiased-HITL,0.74,1.0625,0.04999999999999999,0.0202651515151515
3,54,FE-HITL,0.74,1.0625,0.04999999999999999,0.0202651515151515
3,55,DL,0.735,0.9208333333333334,0.175,0.06524621212121212
3,55,Debiased-HITL,0.735,0.9208333333333334,0.175,0.06524621212121212
3,55,FE-HITL,0.735,0.9208333333333334,0.175,0.06524621212121212
3,56,DL,0.715,4.25,0.075,0.0715909090909091
3,56,Debiased-HITL,0.715,0.0,0.075,0.0375
3,56,FE-HITL,0.715,4.25,0.075,0.0715909090909091
3,57,DL,0.735,0.796875,0.2,0.08484848484848485
3,57,Debiased-HITL,0.735,0.796875,0.2,0.08484848484848485
3,57,FE-HITL,0.74,1.0625,0.10000000000000003,0.023484848484848504
3,58,DL,0.78,1.2395833333333333,0.0,0.025568181818181816
3,58,Debiased-HITL,0.78,1.2395833333333333,0.0,0.025568181818181816
3,58,FE-HITL,0.78,1.2395833333333333,0.0,0.025568181818181816
3,59,DL,0.715,1.3076923076923077,0.0,0.019412878787878788
3,59,Debiased-HITL,0.71,1.1442307692307694,0.05000000000000002,0.00558712121212122
3,59,FE-HITL,0.715,1.3076923076923077,0.0,0.019412878787878788
3,60,DL,0.755,0.99609375,0.025000000000000022,0.0016098484848484987
3,60,Debiased-HITL,0.755,0.99609375,0.025000000000000022,0.0016098484848484987
3,60,FE-HITL,0.755,0.99609375,0.025000000000000022,0.0016098484848484987
3,61,DL,0.735,1.2901785714285714,0.17500000000000004,0.08797348484848487
3,61,Debiased-HITL,0.735,1.2901785714285714,0.17500000000000004,0.08797348484848487
3,61,FE-HITL,0.745,0.9866071428571429,0.125,0.02888257575757576
3,62,DL,0.75,0.7083333333333334,0.2,0.10142045454545455
3,62,Debiased-HITL,0.75,0.8657407407407408,0.15000000000000002,0.06505681818181819
3,62,FE-HITL,0.76,1.0231481481481481,0.04999999999999999,0.015056818181818178
3,63,DL,0.73,1.201086956521739,0.0,0.021306818181818177
3,63,Debiased-HITL,0.73,1.201086956521739,0.0,0.021306818181818177
3,63,FE-HITL,0.73,1.201086956521739,0.0,0.021306818181818177
3,64,DL,0.755,1.02,0.0,0.0014204545454545442
3,64,Debiased-HITL,0.755,1.02,0.0,0.0014204545454545442
3,64,FE-HITL,0.755,1.02,0.0,0.0014204545454545442
3,65,DL,0.745,1.1590909090909092,0.0,0.023200757575757583
3,65,Debiased-HITL,0.745,1.1590909090909092,0.0,0.023200757575757583
3,65,FE-HITL,0.745,1.1590909090909092,0.0,0.023200757575757583
3,66,DL,0.765,0.99609375,0.0,0.005681818181818184
3,66,Debiased-HITL,0.765,0.99609375,0.0,0.005681818181818184
3,66,FE-HITL,0.765,0.99609375,0.0,0.005681818181818184
3,67,DL,0.75,1.1653225806451613,0.10000000000000003,0.050473484848484865
3,67,Debiased-HITL,0.75,1.1653225806451613,0.10000000000000003,0.050473484848484865
3,67,FE-HITL,0.75,1.1653225806451613,0.10000000000000003,0.050473484848484865
3,68,DL,0.735,0.8793103448275862,0.15000000000000002,0.06410984848484849
3,68,Debiased-HITL,0.735,0.8793103448275862,0.15000000000000002,0.06410984848484849
3,68,FE-HITL,0.735,0.8793103448275862,0.15000000000000002,0.06410984848484849
3,69,DL,0.765,1.2592592592592593,0.024999999999999967,0.025378787878787896
3,69,Debiased-HITL,0.765,1.2592592592592593,0.024999999999999967,0.025378787878787896
3,69,FE-HITL,0.775,0.9444444444444445,0.07499999999999996,0.033712121212121186
3,70,DL,0.75,1.1442307692307694,0.024999999999999967,0.008806818181818193
3,70,Debiased-HITL,0.75,1.1442307692307694,0.024999999999999967,0.008806818181818193
3,70,FE-HITL,0.75,1.1442307692307694,0.024999999999999967,0.008806818181818193
3,71,DL,0.705,0.0,0.05,0.030208333333333334
3,71,Debiased-HITL,0.715,9.916666666666666,0.35000000000000003,0.23797348484848485
3,71,FE-HITL,0.705,0.0,0.05,0.030208333333333334
3,72,DL,0.74,1.4449999999999998,0.125,0.08996212121212122
3,72,Debiased-HITL,0.735,1.3599999999999999,0.07500000000000001,0.06496212121212122
3,72,FE-HITL,0.75,0.9349999999999999,0.025000000000000022,0.005492424242424236
3,73,DL,0.725,0.99609375,0.04999999999999999,0.01837121212121212
3,73,Debiased-HITL,0.725,0.99609375,0.04999999999999999,0.01837121212121212
3,73,FE-HITL,0.725,0.99609375,0.04999999999999999,0.01837121212121212
3,74,DL,0.755,1.1215277777777777,0.0,0.01799242424242424
3,74,Debiased-HITL,0.755,1.1215277777777777,0.0,0.01799242424242424
3,74,FE-HITL,0.755,1.1215277777777777,0.0,0.01799242424242424
3,75,DL,0.755,1.389423076923077,0.0,0.04924242424242425
3,75,Debiased-HITL,0.745,1.2259615384615385,0.10000000000000003,0.0007575757575757694
3,75,FE-HITL,0.75,0.9807692307692308,0.15000000000000002,0.0484848484848485
3,76,DL,0.735,0.8125,0.15000000000000002,0.0797348484848485
3,76,Debiased-HITL,0.735,0.8125,0.15000000000000002,0.0797348484848485
3,76,FE-HITL,0.735,0.8125,0.15000000000000002,0.0797348484848485
3,77,DL,0.755,1.16875,0.0,0.014204545454545456
3,77,Debiased-HITL,0.755,1.16875,0.0,0.014204545454545456
3,77,FE-HITL,0.755,1.16875,0.0,0.014204545454545456
3,78,DL,0.75,1.0625,0.025000000000000022,0.013920454545454555
3,78,Debiased-HITL,0.75,1.0625,0.025000000000000022,0.013920454545454555
3,78,FE-HITL,0.75,1.0625,0.025000000000000022,0.013920454545454555
3,79,DL,0.76,1.0321428571428573,0.050000000000000044,0.013162878787878807
3,79,Debiased-HITL,0.76,1.0321428571428573,0.050000000000000044,0.013162878787878807
3,79,FE-HITL,0.76,1.0321428571428573,0.050000000000000044,0.013162878787878807
3,80,DL,0.74,1.0625,0.025000000000000022,0.003503787878787891
3,80,Debiased-HITL,0.74,1.0625,0.025000000000000022,0.003503787878787891
3,80,FE-HITL,0.74,1.0625,0.025000000000000022,0.003503787878787891
3,81,DL,0.755,1.2986111111111112,0.024999999999999967,0.03191287878787877
3,81,Debiased-HITL,0.755,1.2986111111111112,0.024999999999999967,0.03191287878787877
3,81,FE-HITL,0.75,0.9444444444444444,0.07500000000000001,0.029450757575757585
3,82,DL,0.74,0.9659090909090908,0.125,0.04214015151515152
3,82,Debiased-HITL,0.74,0.9659090909090908,0.125,0.04214015151515152
3,82,FE-HITL,0.74,0.9659090909090908,0.125,0.04214015151515152
3,83,DL,0.74,0.8911290322580645,0.04999999999999999,0.03589015151515151
3,83,Debiased-HITL,0.74,0.8911290322580645,0.04999999999999999,0.03589015151515151
3,83,FE-HITL,0.74,0.8911290322580645,0.04999999999999999,0.03589015151515151
3,84,DL,0.705,1.4875,0.0,0.024621212121212124
3,84,Debiased-HITL,0.705,1.4875,0.0,0.024621212121212124
3,84,FE-HITL,0.71,1.275,0.0,0.013257575757575756
3,85,DL,0.75,0.9107142857142858,0.0,0.021306818181818184
3,85,Debiased-HITL,0.75,0.9107142857142858,0.0,0.021306818181818184
3,85,FE-HITL,0.75,0.9107142857142858,0.0,0.021306818181818184
3,86,DL,0.71,0.9659090909090908,0.0,0.00331439393939394
3,86,Debiased-HITL,0.71,0.9659090909090908,0.0,0.00331439393939394
3,86,FE-HITL,0.71,0.9659090909090908,0.0,0.00331439393939394
3,87,DL,0.745,0.9596774193548387,0.0,0.010890151515151512
3,87,Debiased-HITL,0.745,0.9596774193548387,0.0,0.010890151515151512
3,87,FE-HITL,0.745,0.9596774193548387,0.0,0.010890151515151512
3,88,DL,0.745,0.9866071428571429,0.04999999999999999,0.00795454545454545
3,88,Debiased-HITL,0.745,0.9866071428571429,0.04999999999999999,0.00795454545454545
3,88,FE-HITL,0.745,0.9866071428571429,0.04999999999999999,0.00795454545454545
3,89,DL,0.765,0.9866071428571429,0.0,0.00662878787878788
3,89,Debiased-HITL,0.765,0.9866071428571429,0.0,0.00662878787878788
3,89,FE-HITL,0.765,0.9866071428571429,0.0,0.00662878787878788
3,90,DL,0.765,1.02,0.04999999999999999,0.012215909090909083
3,90,Debiased-HITL,0.765,1.02,0.04999999999999999,0.012215909090909083
3,90,FE-HITL,0.765,1.02,0.04999999999999999,0.012215909090909083
3,91,DL,0.75,1.0625,0.04999999999999999,0.00795454545454545
3,91,Debiased-HITL,0.75,1.0625,0.04999999999999999,0.00795454545454545
3,91,FE-HITL,0.75,1.0625,0.04999999999999999,0.00795454545454545
4,42,DL,0.725,2.921875,0.20512820512820512,0.1336118129453061
4,42,Debiased-HITL,0.715,0.265625,0.08058608058608058,0.055756957818813485
4,42,FE-HITL,0.715,0.796875,0.03296703296703296,0.02031952703254549
4,43,DL,0.75,1.5454545454545454,0.04395604395604391,0.06729089658842714
4,43,Debiased-HITL,0.75,1.5454545454545454,0.04395604395604391,0.06729089658842714
4,43,FE-HITL,0.75,0.9659090909090908,0.09890109890109894,0.039021395770376846
4,44,DL,0.805,1.4419642857142858,0.08058608058608063,0.07397800792670131
4,44,Debiased-HITL,0.805,1.4419642857142858,0.08058608058608063,0.07397800792670131
4,44,FE-HITL,0.805,1.1383928571428572,0.0146520146520146,0.003103146354165323
4,45,DL,0.77,1.7980769230769231,0.025641025641025605,0.05417750155223181
4,45,Debiased-HITL,0.765,1.3076923076923077,0.06959706959706963,0.005069453043559987
4,45,FE-HITL,0.76,1.1442307692307694,0.11721611721611724,0.028878976853083795
4,46,DL,0.76,1.4449999999999998,0.04029304029304026,0.060304755581667584
4,46,Debiased-HITL,0.76,1.4449999999999998,0.04029304029304026,0.060304755581667584
4,46,FE-HITL,0.77,1.105,0.0073260073260073555,0.001611510841911211
4,47,DL,0.705,3.1875,0.003663003663003664,0.02142431212198654
4,47,Debiased-HITL,0.71,0.0,0.05128205128205128,0.02564102564102564
4,47,FE-HITL,0.715,1.0625,0.003663003663003664,0.001831501831501832
4,48,DL,0.73,1.517857142857143,0.010989010989011005,0.012606669283725138
4,48,Debiased-HITL,0.73,1.517857142857143,0.010989010989011005,0.012606669283725138
4,48,FE-HITL,0.73,0.9107142857142858,0.05860805860805862,0.022830761502542856
4,49,DL,0.7,0.7083333333333333,0.05128205128205128,0.019167757839539185
4,49,Debiased-HITL,0.7,0.7083333333333333,0.05128205128205128,0.019167757839539185
4,49,FE-HITL,0.7,0.7083333333333333,0.05128205128205128,0.019167757839539185
4,50,DL,0.75,1.4449999999999998,0.0073260073260073555,0.048123138748887954
4,50,Debiased-HITL,0.75,1.4449999999999998,0.0073260073260073555,0.048123138748887954
4,50,FE-HITL,0.76,1.105,0.05494505494505497,0.010570105990868411
4,51,DL,0.78,1.517857142857143,0.05860805860805862,0.08109017171592095
4,51,Debiased-HITL,0.78,1.517857142857143,0.05860805860805862,0.08109017171592095
4,51,FE-HITL,0.77,1.0625,0.13186813186813184,0.03740373747566266
4,52,DL,0.79,1.6853448275862069,0.1282051282051282,0.12751661349119991
4,52,Debiased-HITL,0.79,1.6853448275862069,0.1282051282051282,0.12751661349119991
4,52,FE-HITL,0.79,1.0991379310344829,0.06227106227106227,0.014233109653872061
4,53,DL,0.7,1.0,0.0,0.0
4,53,Debiased-HITL,0.7,1.0,0.0,0.0
4,53,FE-HITL,0.7,1.0,0.0,0.0
4,54,DL,0.765,1.8798076923076925,0.23076923076923073,0.17364402559799347
4,54,Debiased-HITL,0.77,1.7980769230769231,0.23076923076923073,0.16201611862124926
4,54,FE-HITL,0.755,1.2259615384615385,0.0073260073260073555,0.019712685620141848
4,55,DL,0.765,1.5299999999999998,0.0146520146520146,0.06426678891315667
4,55,Debiased-HITL,0.765,1.5299999999999998,0.0146520146520146,0.06426678891315667
4,55,FE-HITL,0.765,0.85,0.17582417582417587,0.07748293423191531
4,56,DL,0.775,1.8352272727272727,0.16117216117216115,0.1310535943717435
4,56,Debiased-HITL,0.785,1.6420454545454544,0.16117216117216115,0.1077977804182551
4,56,FE-HITL,0.775,1.0625,0.02930402930402931,0.01069612877332849
4,57,DL,0.715,1.0625,0.003663003663003664,0.001831501831501832
4,57,Debiased-HITL,0.715,1.0625,0.003663003663003664,0.001831501831501832
4,57,FE-HITL,0.715,1.0625,0.003663003663003664,0.001831501831501832
4,58,DL,0.77,2.65625,0.23809523809523808,0.19660695733579933
4,58,Debiased-HITL,0.775,1.7265625,0.09523809523809523,0.07866675800025116
4,58,FE-HITL,0.76,1.0625,0.09523809523809523,0.028199244214588255
4,59,DL,0.775,1.3458333333333334,0.1318681318681319,0.079000476866696
4,59,Debiased-HITL,0.775,1.3458333333333334,0.1318681318681319,0.079000476866696
4,59,FE-HITL,0.775,1.0625,0.036630036630036666,0.008125615294160025
4,60,DL,0.745,1.6420454545454544,0.19047619047619052,0.11861378452124079
4,60,Debiased-HITL,0.745,1.6420454545454544,0.19047619047619052,0.11861378452124079
4,60,FE-HITL,0.735,1.0625,0.0,0.0001198753296571542
4,61,DL,0.75,1.625,0.0,0.04914888515943419
4,61,Debiased-HITL,0.745,1.5,0.047619047619047616,0.025339361349910383
4,61,FE-HITL,0.74,1.125,0.14285714285714285,0.033907593245881426
4,62,DL,0.765,1.80625,0.018315018315018305,0.08156220827043172
4,62,Debiased-HITL,0.77,1.4875,0.02930402930402931,0.034496870507419536
4,62,FE-HITL,0.775,0.9562499999999999,0.12454212454212454,0.048005898041860645
4,63,DL,0.755,1.7,0.23443223443223443,0.14706507430074922
4,63,Debiased-HITL,0.745,1.5299999999999998,0.1391941391941392,0.09944602668170159
4,63,FE-HITL,0.74,1.105,0.0036630036630037055,0.00476164129964176
4,64,DL,0.785,1.6630434782608694,0.20879120879120883,0.12645266505252123
4,64,Debiased-HITL,0.79,1.5706521739130435,0.20879120879120883,0.11482475807577704
4,64,FE-HITL,0.76,1.016304347826087,0.07692307692307693,0.02803238478136584
4,65,DL,0.765,1.1875,0.04029304029304026,0.01102106556434057
4,65,Debiased-HITL,0.765,1.1875,0.04029304029304026,0.01102106556434057
4,65,FE-HITL,0.765,1.1875,0.04029304029304026,0.01102106556434057
4,66,DL,0.755,1.1875,0.05860805860805862,0.03853442968763038
4,66,Debiased-HITL,0.755,1.1875,0.05860805860805862,0.03853442968763038
4,66,FE-HITL,0.755,1.1875,0.05860805860805862,0.03853442968763038
4,67,DL,0.775,1.5740740740740742,0.08424908424908423,0.09391068453643375
4,67,Debiased-HITL,0.775,1.5740740740740742,0.08424908424908423,0.09391068453643375
4,67,FE-HITL,0.785,1.1018518518518519,0.010989010989011005,0.00021999098959061408
4,68,DL,0.79,1.4609375,0.10256410256410253,0.09275891534342744
4,68,Debiased-HITL,0.79,1.4609375,0.10256410256410253,0.09275891534342744
4,68,FE-HITL,0.775,0.99609375,0.13553113553113555,0.049544517657679976
4,69,DL,0.77,1.538793103448276,0.1318681318681319,0.10741092999544212
4,69,Debiased-HITL,0.775,1.4655172413793105,0.1318681318681319,0.09578302301869794
4,69,FE-HITL,0.78,0.9525862068965517,0.010989010989011005,0.022157176316850262
4,70,DL,0.76,1.125,0.025641025641025605,0.010303130897712516
4,70,Debiased-HITL,0.76,1.125,0.025641025641025605,0.010303130897712516
4,70,FE-HITL,0.76,1.125,0.025641025641025605,0.010303130897712516
4,71,DL,0.79,1.4166666666666665,0.010989010989011005,0.038499740489670954
4,71,Debiased-HITL,0.79,1.4166666666666665,0.010989010989011005,0.038499740489670954
4,71,FE-HITL,0.77,1.0625,0.20146520146520147,0.05673835474842428
4,72,DL,0.775,1.8352272727272727,0.08791208791208793,0.1112061038937088
4,72,Debiased-HITL,0.775,1.6420454545454544,0.04029304029304026,0.07576867310744079
4,72,FE-HITL,0.775,1.0625,0.10256410256410259,0.03054361925136321
4,73,DL,0.79,1.859375,0.11721611721611719,0.09481040816451988
4,73,Debiased-HITL,0.785,1.1953125,0.02564102564102566,0.00012602278246007757
4,73,FE-HITL,0.785,1.1953125,0.02564102564102566,0.00012602278246007757
4,74,DL,0.77,1.8888888888888888,0.04395604395604391,0.08790945328945807
4,74,Debiased-HITL,0.775,1.534722222222222,0.0036630036630037055,0.04084411552644588
4,74,FE-HITL,0.77,0.9444444444444444,0.14652014652014655,0.053840269855613916
4,75,DL,0.74,1.7708333333333333,0.054945054945054916,0.058520237853731005
4,75,Debiased-HITL,0.745,1.59375,0.054945054945054916,0.04689233087698682
4,75,FE-HITL,0.735,1.2395833333333333,0.040293040293040316,0.000726716742060797
4,76,DL,0.755,1.3599999999999999,0.1391941391941392,0.07619021272821322
4,76,Debiased-HITL,0.755,1.3599999999999999,0.1391941391941392,0.07619021272821322
4,76,FE-HITL,0.76,1.105,0.09157509157509153,0.029124874965201004
4,77,DL,0.79,1.4875,0.0073260073260073555,0.039012613694944055
4,77,Debiased-HITL,0.79,1.4875,0.0073260073260073555,0.039012613694944055
4,77,FE-HITL,0.795,1.16875,0.05494505494505497,0.008052724068068125
4,78,DL,0.77,2.125,0.14285714285714285,0.12573209576326333
4,78,Debiased-HITL,0.76,1.328125,0.047619047619047616,0.007238186571679739
4,78,FE-HITL,0.75,1.0625,0.14285714285714285,0.04038086104736788
4,79,DL,0.775,1.59375,0.05860805860805862,0.09271807869266513
4,79,Debiased-HITL,0.775,1.59375,0.05860805860805862,0.09271807869266513
4,79,FE-HITL,0.78,0.9107142857142858,0.13186813186813184,0.06065955142915103
4,80,DL,0.76,2.125,0.21978021978021978,0.1357831810960557
4,80,Debiased-HITL,0.76,1.8214285714285716,0.17216117216117216,0.1003457503097877
4,80,FE-HITL,0.75,0.9107142857142858,0.018315018315018305,0.018148158881795894
4,81,DL,0.665,0.796875,0.021978021978021976,0.0018376492843047605
4,81,Debiased-HITL,0.665,0.796875,0.021978021978021976,0.0018376492843047605
4,81,FE-HITL,0.665,0.796875,0.021978021978021976,0.0018376492843047605
4,82,DL,0.77,1.2302631578947367,0.021978021978021955,0.020099536042954877
4,82,Debiased-HITL,0.77,1.2302631578947367,0.021978021978021955,0.020099536042954877
4,82,FE-HITL,0.77,1.2302631578947367,0.021978021978021955,0.020099536042954877
4,83,DL,0.77,0.9659090909090908,0.1501831501831502,0.05435314306088702
4,83,Debiased-HITL,0.77,0.9659090909090908,0.1501831501831502,0.05435314306088702
4,83,FE-HITL,0.77,0.9659090909090908,0.1501831501831502,0.05435314306088702
4,84,DL,0.78,1.615,0.10989010989010983,0.1002579295554601
4,84,Debiased-HITL,0.78,1.615,0.10989010989010983,0.1002579295554601
4,84,FE-HITL,0.775,1.02,0.08058608058608063,0.029863886612867693
4,85,DL,0.77,1.3522727272727273,0.018315018315018305,0.03636920898968369
4,85,Debiased-HITL,0.77,1.3522727272727273,0.018315018315018305,0.03636920898968369
4,85,FE-HITL,0.77,0.9659090909090908,0.07692307692307693,0.0345056525828523
4,86,DL,0.765,1.7314814814814816,0.1575091575091575,0.13701398896795686
4,86,Debiased-HITL,0.77,1.652777777777778,0.1575091575091575,0.12538608199121265
4,86,FE-HITL,0.76,1.0231481481481481,0.08058608058608063,0.028545257986638976
4,87,DL,0.77,1.245689655172414,0.03663003663003661,0.016688577944871413
4,87,Debiased-HITL,0.77,1.245689655172414,0.03663003663003661,0.016688577944871413
4,87,FE-HITL,0.77,1.245689655172414,0.03663003663003661,0.016688577944871413
4,88,DL,0.71,2.125,0.1391941391941392,0.06576105904804058
4,88,Debiased-HITL,0.695,0.0,0.05128205128205128,0.04110494316679884
4,88,FE-HITL,0.7,1.275,0.04395604395604395,0.018142011428992966
4,89,DL,0.77,1.785,0.18315018315018317,0.14336123398698322
4,89,Debiased-HITL,0.765,1.7,0.1355311355311355,0.11955171017745939
4,89,FE-HITL,0.76,1.275,0.0073260073260073555,0.024867324795399583
4,90,DL,0.775,1.328125,0.04029304029304026,0.04220358080343694
4,90,Debiased-HITL,0.775,1.328125,0.04029304029304026,0.04220358080343694
4,90,FE-HITL,0.775,0.9739583333333333,0.05494505494505497,0.02867128076909905
4,91,DL,0.76,1.7202380952380951,0.16483516483516486,0.11610255005124342
4,91,Debiased-HITL,0.76,1.5178571428571428,0.11721611721611719,0.08066511926497541
4,91,FE-HITL,0.745,1.0119047619047619,0.07326007326007328,0.026200882949864016
