seed,model,Accuracy,DI,EOD,AOD
42,LR,0.7666666666666667,1.3792079207920793,0.13506493506493505,0.07258297258297258
42,DL,0.7166666666666667,1.263964132262283,0.0051948051948051965,0.03700396825396826
42,Debiased-HITL,0.7033333333333334,0.8922099757145526,0.19480519480519476,0.08572330447330445
42,FE-HITL,0.7033333333333334,0.8922099757145526,0.19480519480519476,0.08572330447330445
43,LR,0.7666666666666667,1.6319601629696694,0.2848557692307693,0.19638397409342936
43,DL,0.74,1.1918626353116835,0.13822115384615385,0.08754471114014403
43,Debiased-HITL,0.74,1.1918626353116835,0.13822115384615385,0.08754471114014403
43,FE-HITL,0.74,1.1918626353116835,0.13822115384615385,0.08754471114014403
44,LR,0.7266666666666667,1.53728949478749,0.1755057408419901,0.10885676652489117
44,DL,0.7066666666666667,1.1425287356321838,0.02460360852925092,0.018795310758131942
44,Debiased-HITL,0.7066666666666667,1.1425287356321838,0.02460360852925092,0.018795310758131942
44,FE-HITL,0.7066666666666667,1.1425287356321838,0.02460360852925092,0.018795310758131942
45,LR,0.7366666666666667,1.0939550140581067,0.010452961672473893,0.024805986696230582
45,DL,0.7233333333333334,1.2350853473043772,0.013937282229965153,0.006968641114982577
45,Debiased-HITL,0.7233333333333334,1.2350853473043772,0.013937282229965153,0.006968641114982577
45,FE-HITL,0.7233333333333334,1.2350853473043772,0.013937282229965153,0.006968641114982577
46,LR,0.7866666666666666,1.3725606150206977,0.13146551724137934,0.058336817788216325
46,DL,0.7133333333333334,1.162150253359771,0.08620689655172414,0.033815522579267634
46,Debiased-HITL,0.7133333333333334,1.162150253359771,0.08620689655172414,0.033815522579267634
46,FE-HITL,0.7133333333333334,1.162150253359771,0.08620689655172414,0.033815522579267634
47,LR,0.7566666666666667,1.2753452835733177,0.044930875576036866,0.037714704650188516
47,DL,0.7366666666666667,1.4462958215842092,0.10023041474654376,0.08559907834101382
47,Debiased-HITL,0.7133333333333334,1.056908485003845,0.14976958525345624,0.03940092165898618
47,FE-HITL,0.7133333333333334,1.056908485003845,0.14976958525345624,0.03940092165898618
48,LR,0.7633333333333333,1.4899749373433586,0.12301804264625482,0.09607665830942878
48,DL,0.7166666666666667,1.0789473684210527,0.043193001640240536,0.0037240693132709474
48,Debiased-HITL,0.7166666666666667,1.0789473684210527,0.043193001640240536,0.0037240693132709474
48,FE-HITL,0.7166666666666667,1.0789473684210527,0.043193001640240536,0.0037240693132709474
49,LR,0.7233333333333334,1.515442690459849,0.1833333333333333,0.12794784580498864
49,DL,0.7366666666666667,1.4335702569710225,0.1499999999999999,0.121485260770975
49,Debiased-HITL,0.7366666666666667,0.9808638600328048,0.050000000000000044,0.02613378684807259
49,FE-HITL,0.7366666666666667,0.9808638600328048,0.050000000000000044,0.02613378684807259
50,LR,0.7333333333333333,1.5579937304075233,0.19576719576719576,0.13455026455026453
50,DL,0.6933333333333334,1.7228607918263092,0.07936507936507942,0.1513492063492064
50,Debiased-HITL,0.6933333333333334,1.0881226053639848,0.17989417989417988,0.03661375661375661
50,FE-HITL,0.6933333333333334,1.0881226053639848,0.17989417989417988,0.03661375661375661
51,LR,0.7433333333333333,1.325072886297376,0.06896551724137934,0.05878831417624522
51,DL,0.74,1.1542857142857141,0.04849137931034486,0.004794714385231602
51,Debiased-HITL,0.74,1.1542857142857141,0.04849137931034486,0.004794714385231602
51,FE-HITL,0.74,1.1542857142857141,0.04849137931034486,0.004794714385231602
52,LR,0.7433333333333333,2.072463768115942,0.19081465281574633,0.17473398500617882
52,DL,0.7333333333333333,1.7693761814744804,0.20448332422088572,0.16627510913431787
52,Debiased-HITL,0.72,0.9829867674858224,0.1180973209404046,0.04419554131517975
52,FE-HITL,0.72,0.9829867674858224,0.1180973209404046,0.04419554131517975
53,LR,0.7466666666666667,1.606060606060606,0.12440191387559807,0.09504553171785768
53,DL,0.75,1.2281639928698753,0.054226475279106845,0.025646961979729377
53,Debiased-HITL,0.75,1.2281639928698753,0.054226475279106845,0.025646961979729377
53,FE-HITL,0.75,1.2281639928698753,0.054226475279106845,0.025646961979729377
54,LR,0.7466666666666667,2.153159340659341,0.3721198156682028,0.22914380806085877
54,DL,0.7466666666666667,1.252747252747253,0.16820276497695852,0.08296759564040669
54,Debiased-HITL,0.73,0.8873626373626374,0.04608294930875573,0.03211176943895837
54,FE-HITL,0.73,0.8873626373626374,0.04608294930875573,0.03211176943895837
55,LR,0.73,1.0957446808510638,0.12137780207763804,0.04141452462158546
55,DL,0.7066666666666667,0.9823917828319884,0.03991252050300714,0.023357620795721262
55,Debiased-HITL,0.7066666666666667,0.9823917828319884,0.03991252050300714,0.023357620795721262
55,FE-HITL,0.7066666666666667,0.9823917828319884,0.03991252050300714,0.023357620795721262
56,LR,0.7266666666666667,1.4296675191815857,0.15855658829961722,0.08889367876519322
56,DL,0.7433333333333333,1.552139037433155,0.12465828321487149,0.09402429830259243
56,Debiased-HITL,0.7166666666666667,1.0922459893048129,0.1334062329141607,0.03500795976192366
56,FE-HITL,0.7166666666666667,1.0922459893048129,0.1334062329141607,0.03500795976192366
57,LR,0.7533333333333333,2.1086587436332764,0.41826134499726625,0.2484724336145878
57,DL,0.7233333333333334,1.0957816377171217,0.15199562602515027,0.049842625567065105
57,Debiased-HITL,0.7233333333333334,1.0957816377171217,0.15199562602515027,0.049842625567065105
57,FE-HITL,0.7233333333333334,1.0957816377171217,0.15199562602515027,0.049842625567065105
58,LR,0.7766666666666666,1.3457556935817805,0.09453781512605042,0.04636146654669127
58,DL,0.75,1.2141706924315618,0.21218487394957986,0.06571131174792968
58,Debiased-HITL,0.75,1.2141706924315618,0.21218487394957986,0.06571131174792968
58,FE-HITL,0.75,1.2141706924315618,0.21218487394957986,0.06571131174792968
59,LR,0.73,1.7142857142857142,0.2456896551724138,0.14621386361347077
59,DL,0.72,1.7142857142857142,0.2769396551724138,0.16196057734277947
59,Debiased-HITL,0.7233333333333334,1.017857142857143,0.08943965517241381,0.0009028850350871476
59,FE-HITL,0.7233333333333334,1.017857142857143,0.08943965517241381,0.0009028850350871476
60,LR,0.7333333333333333,1.5413533834586466,0.10052910052910052,0.1265901509273506
60,DL,0.73,1.0275689223057645,0.015873015873015817,0.007287187175339646
60,Debiased-HITL,0.73,1.0275689223057645,0.015873015873015817,0.007287187175339646
60,FE-HITL,0.73,1.0275689223057645,0.015873015873015817,0.007287187175339646
61,LR,0.7566666666666667,0.8724489795918368,0.1399671951886276,0.08662823165272024
61,DL,0.75,1.0673854447439353,0.02460360852925092,0.019512476058880956
61,Debiased-HITL,0.75,1.0673854447439353,0.02460360852925092,0.019512476058880956
61,FE-HITL,0.75,1.0673854447439353,0.02460360852925092,0.019512476058880956
62,LR,0.7,2.409090909090909,0.17989417989417988,0.20206063379129724
62,DL,0.6666666666666666,2.168181818181818,0.1111111111111111,0.1885184777692204
62,Debiased-HITL,0.7066666666666667,0.0,0.3333333333333333,0.23042505592841162
62,FE-HITL,0.7066666666666667,0.0,0.3333333333333333,0.23042505592841162
63,LR,0.7133333333333334,1.4920212765957448,0.04999999999999999,0.06401515151515152
63,DL,0.69,1.2675438596491229,0.06666666666666665,0.06900252525252523
63,Debiased-HITL,0.6766666666666666,0.8947368421052632,0.16666666666666669,0.07039141414141416
63,FE-HITL,0.6766666666666666,0.8947368421052632,0.16666666666666669,0.07039141414141416
64,LR,0.73,1.5894706559263523,0.14999999999999997,0.10161934338952971
64,DL,0.6866666666666666,1.5541490857946556,0.15000000000000002,0.10649955634427685
64,Debiased-HITL,0.68,1.0568213783403657,0.016666666666666663,0.00744602188701568
64,FE-HITL,0.68,1.0568213783403657,0.016666666666666663,0.00744602188701568
65,LR,0.7766666666666666,1.7117224880382778,0.13716108452950565,0.09937233112105781
65,DL,0.7466666666666667,1.3490909090909091,0.054226475279106845,0.04705458661316046
65,Debiased-HITL,0.74,0.9636363636363636,0.09728867623604465,0.055975716417142565
65,FE-HITL,0.74,0.9636363636363636,0.09728867623604465,0.055975716417142565
66,LR,0.74,1.1666666666666667,0.006302521008403339,0.0017188693659282023
66,DL,0.72,1.1264367816091954,0.02941176470588236,0.00658899923605806
66,Debiased-HITL,0.72,1.1264367816091954,0.02941176470588236,0.00658899923605806
66,FE-HITL,0.72,1.1264367816091954,0.02941176470588236,0.00658899923605806
67,LR,0.73,1.3976284584980236,0.1769505354411015,0.08261016508125457
67,DL,0.7133333333333334,1.3882532418001525,0.0581336053034166,0.05956533637604847
67,Debiased-HITL,0.6933333333333334,0.9916094584286802,0.15808261091279957,0.0667245899138778
67,FE-HITL,0.6933333333333334,0.9916094584286802,0.15808261091279957,0.0667245899138778
68,LR,0.7266666666666667,1.6941580756013745,0.22724703222159415,0.16789029324418564
68,DL,0.7,1.2720840913685059,0.04013566986998307,0.06056079268147041
68,Debiased-HITL,0.6766666666666666,0.9027693551647462,0.2357263990955342,0.08472318297775881
68,FE-HITL,0.6766666666666666,0.9027693551647462,0.2357263990955342,0.08472318297775881
69,LR,0.73,1.3140495867768593,0.10769230769230764,0.09466248037676606
69,DL,0.7,1.2460815047021943,0.09846153846153849,0.08097680097680099
69,Debiased-HITL,0.7,1.2460815047021943,0.09846153846153849,0.08097680097680099
69,FE-HITL,0.7,1.2460815047021943,0.09846153846153849,0.08097680097680099
70,LR,0.7733333333333333,1.5750999428897774,0.12544620091789904,0.08166249439834347
70,DL,0.7433333333333333,1.743860651056539,0.04436511983681796,0.08657649931234837
70,Debiased-HITL,0.7366666666666667,1.0688178183894919,0.14482406935237124,0.04589688316103411
70,FE-HITL,0.7366666666666667,1.0688178183894919,0.14482406935237124,0.04589688316103411
71,LR,0.7666666666666667,1.3603092783505153,0.10685805422647526,0.064559164099539
71,DL,0.75,1.6647141518275537,0.13237639553429031,0.1251565196849534
71,Debiased-HITL,0.7266666666666667,1.1415182755388942,0.14035087719298245,0.026832116678683002
71,FE-HITL,0.7266666666666667,1.1415182755388942,0.14035087719298245,0.026832116678683002
